source_order,feature_stem,feature_file,result_model,feature_exists,in_manifest,status,deepnsd_model_string,model_display_name,model_class,architecture,train_type,train_data,compare_architecture,compare_goal_taskonomy_tasks,compare_goal_taskonomy_cluster,compare_goal_selfsupervised,compare_goal_contrastive,compare_goal_slip,compare_diet_imagenetsize,compare_diet_ipcl,needed_for,all_deepnsd_model_strings
0,alexnet_classification,alexnet_classification.h5,alexnet_classification,True,True,included,alexnet_classification,AlexNet,Convolutional,alexnet,classification,imagenet,Convolutional,,,,,,,,fig2_architecture_cnn_transformer,alexnet_classification
1,vgg16_classification,vgg16_classification.h5,vgg16_classification,True,True,included,vgg16_classification,VGG16,Convolutional,vgg16,classification,imagenet,Convolutional,,,,,,,,fig2_architecture_cnn_transformer,vgg16_classification
2,resnet18_classification,resnet18_classification.h5,resnet18_classification,True,True,included,resnet18_classification,ResNet18,Convolutional,resnet18,classification,imagenet,Convolutional,,,,,,,,fig2_architecture_cnn_transformer,resnet18_classification
3,resnet50_classification,resnet50_classification.h5,resnet50_classification,True,True,included,resnet50_classification,ResNet50,Convolutional,resnet50,classification,imagenet,Convolutional,,,,,,,,fig2_architecture_cnn_transformer;fig3_supervised_resnet50_reference,resnet50_classification
4,resnet101_classification,resnet101_classification.h5,resnet101_classification,True,True,included,resnet101_classification,ResNet101,Convolutional,resnet101,classification,imagenet,Convolutional,,,,,,,,fig2_architecture_cnn_transformer,resnet101_classification
5,resnet152_classification,resnet152_classification.h5,resnet152_classification,True,True,included,resnet152_classification,ResNet152,Convolutional,resnet152,classification,imagenet,Convolutional,,,,,,,,fig2_architecture_cnn_transformer,resnet152_classification
6,squeezenet1_0_classification,squeezenet1_0_classification.h5,squeezenet1_0_classification,True,True,included,squeezenet1_0_classification,SqueezeNet1.0,Convolutional,squeezenet1_0,classification,imagenet,Convolutional,,,,,,,,fig2_architecture_cnn_transformer,squeezenet1_0_classification
7,densenet121_classification,densenet121_classification.h5,densenet121_classification,True,True,included,densenet121_classification,DenseNet121,Convolutional,densenet121,classification,imagenet,Convolutional,,,,,,,,fig2_architecture_cnn_transformer,densenet121_classification
8,googlenet_classification,googlenet_classification.h5,googlenet_classification,True,True,included,googlenet_classification,GoogleNet,Convolutional,googlenet,classification,imagenet,Convolutional,,,,,,,,fig2_architecture_cnn_transformer,googlenet_classification
9,shufflenet_v2_x1_0_classification,shufflenet_v2_x1_0_classification.h5,shufflenet_v2_x1_0_classification,True,True,included,shufflenet_v2_x1_0_classification,ShuffleNet-V2-x1.0,Convolutional,shufflenet_v2_x1_0,classification,imagenet,Convolutional,,,,,,,,fig2_architecture_cnn_transformer,shufflenet_v2_x1_0_classification
10,mobilenet_v2_classification,mobilenet_v2_classification.h5,mobilenet_v2_classification,True,True,included,mobilenet_v2_classification,MobileNet-V2,Convolutional,mobilenet_v2,classification,imagenet,Convolutional,,,,,,,,fig2_architecture_cnn_transformer,mobilenet_v2_classification
11,mnasnet1_0_classification,mnasnet1_0_classification.h5,mnasnet1_0_classification,True,True,included,mnasnet1_0_classification,MNASNet1.0,Convolutional,mnasnet1_0,classification,imagenet,Convolutional,,,,,,,,fig2_architecture_cnn_transformer,mnasnet1_0_classification
49,coat_lite_tiny_classification,coat_lite_tiny_classification.h5,coat_lite_tiny_classification,True,True,included,coat_lite_tiny_classification,CoaT-Lite-Tiny,Transformer,coat_lite_tiny,classification,imagenet,Transformer,,,,,,,,fig2_architecture_cnn_transformer,coat_lite_tiny_classification
53,convnext_base_classification,convnext_base_classification.h5,convnext_base_classification,True,True,included,convnext_base_classification,ConvNext-B,Convolutional,convnext_base,classification,imagenet,Convolutional,,,,,,imagenet,,fig2_architecture_cnn_transformer;fig4_imagenet_size,convnext_base_classification
54,convnext_large_classification,convnext_large_classification.h5,convnext_large_classification,True,True,included,convnext_large_classification,ConvNext-L,Convolutional,convnext_large,classification,imagenet,Convolutional,,,,,,imagenet,,fig2_architecture_cnn_transformer;fig4_imagenet_size,convnext_large_classification
55,crossvit_base_240_classification,crossvit_base_240_classification.h5,crossvit_base_240_classification,True,True,included,crossvit_base_240_classification,CrossViT-B,Transformer,crossvit_base_240,classification,imagenet,Transformer,,,,,,,,fig2_architecture_cnn_transformer,crossvit_base_240_classification
56,deit_base_patch16_224_classification,deit_base_patch16_224_classification.h5,deit_base_patch16_224_classification,True,True,included,deit_base_patch16_224_classification,DeiT-B-P16-224,Transformer,deit_base_patch16_224,classification,imagenet,Transformer,,,,,,,,fig2_architecture_cnn_transformer,deit_base_patch16_224_classification
57,cspresnet50_classification,cspresnet50_classification.h5,cspresnet50_classification,True,True,included,cspresnet50_classification,CSP-ResNet50,Convolutional,cspresnet50,classification,imagenet,Convolutional,,,,,,,,fig2_architecture_cnn_transformer,cspresnet50_classification
58,dla34_classification,dla34_classification.h5,dla34_classification,True,True,included,dla34_classification,DLA34,Convolutional,dla34,classification,imagenet,Convolutional,,,,,,,,fig2_architecture_cnn_transformer,dla34_classification
59,eca_nfnet_l0_classification,eca_nfnet_l0_classification.h5,eca_nfnet_l0_classification,True,True,included,eca_nfnet_l0_classification,ECA-NFNeT-L0,Convolutional,eca_nfnet_l0,classification,imagenet,Convolutional,,,,,,,,fig2_architecture_cnn_transformer,eca_nfnet_l0_classification
60,efficientnet_b1_classification,efficientnet_b1_classification.h5,efficientnet_b1_classification,True,True,included,efficientnet_b1_classification,EfficientNet-B1,Convolutional,efficientnet_b1,classification,imagenet,Convolutional,,,,,,,,fig2_architecture_cnn_transformer,efficientnet_b1_classification
61,efficientnet_b3_classification,efficientnet_b3_classification.h5,efficientnet_b3_classification,True,True,included,efficientnet_b3_classification,EfficientNet-B3,Convolutional,efficientnet_b3,classification,imagenet,Convolutional,,,,,,,,fig2_architecture_cnn_transformer,efficientnet_b3_classification
62,ghostnet_100_classification,ghostnet_100_classification.h5,ghostnet_100_classification,True,True,included,ghostnet_100_classification,GhostNet100,Convolutional,ghostnet_100,classification,imagenet,Convolutional,,,,,,,,fig2_architecture_cnn_transformer,ghostnet_100_classification
63,gmixer_24_224_classification,gmixer_24_224_classification.h5,gmixer_24_224_classification,True,True,included,gmixer_24_224_classification,GMixer-24,Convolutional,gmixer_24_224,classification,imagenet,Convolutional,,,,,,,,fig2_architecture_cnn_transformer,gmixer_24_224_classification
64,gmlp_s16_224_classification,gmlp_s16_224_classification.h5,gmlp_s16_224_classification,True,True,included,gmlp_s16_224_classification,GMLP-S16,Convolutional,gmlp_s16_224,classification,imagenet,Convolutional,,,,,,,,fig2_architecture_cnn_transformer,gmlp_s16_224_classification
65,hardcorenas_a_classification,hardcorenas_a_classification.h5,hardcorenas_a_classification,True,True,included,hardcorenas_a_classification,HardCoreNAS-A,Convolutional,hardcorenas_a,classification,imagenet,Convolutional,,,,,,,,fig2_architecture_cnn_transformer,hardcorenas_a_classification
66,hardcorenas_f_classification,hardcorenas_f_classification.h5,hardcorenas_f_classification,True,True,included,hardcorenas_f_classification,HardCoreNAS-F,Convolutional,hardcorenas_f,classification,imagenet,Convolutional,,,,,,,,fig2_architecture_cnn_transformer,hardcorenas_f_classification
67,jx_nest_tiny_classification,jx_nest_tiny_classification.h5,jx_nest_tiny_classification,True,True,included,jx_nest_tiny_classification,JX-NesT-Tiny,Transformer,jx_nest_tiny,classification,imagenet,Transformer,,,,,,,,fig2_architecture_cnn_transformer,jx_nest_tiny_classification
68,levit_128_classification,levit_128_classification.h5,levit_128_classification,True,True,included,levit_128_classification,LeViT128,Transformer,levit_128,classification,imagenet,Transformer,,,,,,,,fig2_architecture_cnn_transformer,levit_128_classification
69,inception_v3_classification,inception_v3_classification.h5,inception_v3_classification,True,True,included,inception_v3_classification,Inception-V3,Convolutional,inception_v3,classification,imagenet,Convolutional,,,,,,,,fig2_architecture_cnn_transformer,inception_v3_classification
72,mobilenetv3_large_100_classification,mobilenetv3_large_100_classification.h5,mobilenetv3_large_100_classification,True,True,included,mobilenetv3_large_100_classification,MobileNet-V3-Large,Convolutional,mobilenetv3_large_100,classification,imagenet,Convolutional,,,,,,,,fig2_architecture_cnn_transformer,mobilenetv3_large_100_classification
73,nf_resnet50_classification,nf_resnet50_classification.h5,nf_resnet50_classification,True,True,included,nf_resnet50_classification,NF-ResNet50,Convolutional,nf_resnet50,classification,imagenet,Convolutional,,,,,,,,fig2_architecture_cnn_transformer,nf_resnet50_classification
74,nfnet_l0_classification,nfnet_l0_classification.h5,nfnet_l0_classification,True,True,included,nfnet_l0_classification,NF-Net-L0,Convolutional,nfnet_l0,classification,imagenet,Convolutional,,,,,,,,fig2_architecture_cnn_transformer,nfnet_l0_classification
75,pit_b_224_classification,pit_b_224_classification.h5,pit_b_224_classification,True,True,included,pit_b_224_classification,PiT-B-224,Transformer,pit_b_224,classification,imagenet,Transformer,,,,,,,,fig2_architecture_cnn_transformer,pit_b_224_classification
76,pit_ti_224_classification,pit_ti_224_classification.h5,pit_ti_224_classification,True,True,included,pit_ti_224_classification,PiT-T-224,Transformer,pit_ti_224,classification,imagenet,Transformer,,,,,,,,fig2_architecture_cnn_transformer,pit_ti_224_classification
77,poolformer_s36_classification,poolformer_s36_classification.h5,poolformer_s36_classification,True,True,included,poolformer_s36_classification,PoolFormer-S36,Transformer,poolformer_s36,classification,imagenet,Transformer,,,,,,,,fig2_architecture_cnn_transformer,poolformer_s36_classification
79,regnetx_064_classification,regnetx_064_classification.h5,regnetx_064_classification,True,True,included,regnetx_064_classification,RegNetX-64,Convolutional,regnetx_064,classification,imagenet,Convolutional,,,,,,,,fig2_architecture_cnn_transformer,regnetx_064_classification
80,regnety_064_classification,regnety_064_classification.h5,regnety_064_classification,True,True,included,regnety_064_classification,RegNetY-64,Convolutional,regnety_064,classification,imagenet,Convolutional,,,,,,,,fig2_architecture_cnn_transformer,regnety_064_classification
85,semnasnet_100_classification,semnasnet_100_classification.h5,semnasnet_100_classification,True,True,included,semnasnet_100_classification,SemNASNet100,Convolutional,semnasnet_100,classification,imagenet,Convolutional,,,,,,,,fig2_architecture_cnn_transformer,semnasnet_100_classification
86,seresnext50_32x4d_classification,seresnext50_32x4d_classification.h5,seresnext50_32x4d_classification,True,True,included,seresnext50_32x4d_classification,SEResNext50-32x4D,Convolutional,seresnext50_32x4d,classification,imagenet,Convolutional,,,,,,,,fig2_architecture_cnn_transformer,seresnext50_32x4d_classification
87,skresnext50_32x4d_classification,skresnext50_32x4d_classification.h5,skresnext50_32x4d_classification,True,True,included,skresnext50_32x4d_classification,SKResNext50-32x4D,Convolutional,skresnext50_32x4d,classification,imagenet,Convolutional,,,,,,,,fig2_architecture_cnn_transformer,skresnext50_32x4d_classification
88,swin_base_patch4_window7_224_classification,swin_base_patch4_window7_224_classification.h5,swin_base_patch4_window7_224_classification,True,True,included,swin_base_patch4_window7_224_classification,Swin-B-P4-W7,Transformer,swin_base_patch4_window7_224,classification,imagenet,Transformer,,,,,,imagenet,,fig2_architecture_cnn_transformer;fig4_imagenet_size,swin_base_patch4_window7_224_classification
89,swin_large_patch4_window7_224_classification,swin_large_patch4_window7_224_classification.h5,swin_large_patch4_window7_224_classification,True,True,included,swin_large_patch4_window7_224_classification,Swin-L-P4-W7,Transformer,swin_large_patch4_window7_224,classification,imagenet,Transformer,,,,,,imagenet,,fig2_architecture_cnn_transformer;fig4_imagenet_size,swin_large_patch4_window7_224_classification
90,swin_tiny_patch4_window7_224_classification,swin_tiny_patch4_window7_224_classification.h5,swin_tiny_patch4_window7_224_classification,True,True,included,swin_tiny_patch4_window7_224_classification,Swin-T-P4-W7,Transformer,swin_tiny_patch4_window7_224,classification,imagenet,Transformer,,,,,,,,fig2_architecture_cnn_transformer,swin_tiny_patch4_window7_224_classification
91,tnt_s_patch16_224_classification,tnt_s_patch16_224_classification.h5,tnt_s_patch16_224_classification,True,True,included,tnt_s_patch16_224_classification,TnT-P16-224,Transformer,tnt_s_patch16_224,classification,imagenet,Transformer,,,,,,,,fig2_architecture_cnn_transformer,tnt_s_patch16_224_classification
92,visformer_small_classification,visformer_small_classification.h5,visformer_small_classification,True,True,included,visformer_small_classification,Visformer,Transformer,visformer_small,classification,imagenet,Transformer,,,,,,,,fig2_architecture_cnn_transformer,visformer_small_classification
93,vit_large_patch16_224_classification,vit_large_patch16_224_classification.h5,vit_large_patch16_224_classification,True,True,included,vit_large_patch16_224_classification,ViT-L-P16,Transformer,vit_large_patch16_224,classification,imagenet,Transformer,,,,,,imagenet,,fig2_architecture_cnn_transformer;fig4_imagenet_size,vit_large_patch16_224_classification
94,vit_small_patch16_224_classification,vit_small_patch16_224_classification.h5,vit_small_patch16_224_classification,True,True,included,vit_small_patch16_224_classification,ViT-S-P16,Transformer,vit_small_patch16_224,classification,imagenet,Transformer,,,,,,imagenet,,fig2_architecture_cnn_transformer;fig4_imagenet_size,vit_small_patch16_224_classification
95,vit_tiny_patch16_224_classification,vit_tiny_patch16_224_classification.h5,vit_tiny_patch16_224_classification,True,True,included,vit_tiny_patch16_224_classification,ViT-T-P16,Transformer,vit_tiny_patch16_224,classification,imagenet,Transformer,,,,,,,,fig2_architecture_cnn_transformer,vit_tiny_patch16_224_classification
96,vit_base_patch16_224_classification,vit_base_patch16_224_classification.h5,vit_base_patch16_224_classification,True,True,included,vit_base_patch16_224_classification,ViT-B-P16,Transformer,vit_base_patch16_224,classification,imagenet,Transformer,,,,,,imagenet,,fig2_architecture_cnn_transformer;fig4_imagenet_size,vit_base_patch16_224_classification
97,vit_base_patch32_224_classification,vit_base_patch32_224_classification.h5,vit_base_patch32_224_classification,True,True,included,vit_base_patch32_224_classification,ViT-B-P32,Transformer,vit_base_patch32_224,classification,imagenet,Transformer,,,,,,imagenet,,fig2_architecture_cnn_transformer;fig4_imagenet_size,vit_base_patch32_224_classification
98,vit_small_patch32_224_classification,vit_small_patch32_224_classification.h5,vit_small_patch32_224_classification,True,True,included,vit_small_patch32_224_classification,ViT-S-P32,Transformer,vit_small_patch32_224,classification,imagenet,Transformer,,,,,,imagenet,,fig2_architecture_cnn_transformer;fig4_imagenet_size,vit_small_patch32_224_classification
99,xception_classification,xception_classification.h5,xception_classification,True,True,included,xception_classification,XCeption,Convolutional,xception,classification,imagenet,Convolutional,,,,,,,,fig2_architecture_cnn_transformer,xception_classification
100,xcit_nano_12_p8_224_classification,xcit_nano_12_p8_224_classification.h5,xcit_nano_12_p8_224_classification,True,True,included,xcit_nano_12_p8_224_classification,XCIT-N-12-P8,Transformer,xcit_nano_12_p8_224,classification,imagenet,Transformer,,,,,,,,fig2_architecture_cnn_transformer,xcit_nano_12_p8_224_classification
101,xcit_nano_12_p16_224_classification,xcit_nano_12_p16_224_classification.h5,xcit_nano_12_p16_224_classification,True,True,included,xcit_nano_12_p16_224_classification,XCIT-N-12-P16,Transformer,xcit_nano_12_p16_224,classification,imagenet,Transformer,,,,,,,,fig2_architecture_cnn_transformer,xcit_nano_12_p16_224_classification
24,autoencoding_taskonomy,autoencoding_taskonomy.h5,autoencoding_taskonomy,True,True,included,autoencoding_taskonomy,Autoencoder,Convolutional,resnet50,taskonomy,taskonomy,,autoencoding,2D,,,,,,fig3_taskonomy,autoencoding_taskonomy
25,class_object_taskonomy,class_object_taskonomy.h5,class_object_taskonomy,True,True,included,class_object_taskonomy,Object Classification,Convolutional,resnet50,taskonomy,taskonomy,,class_object,Semantic,,,,,,fig3_taskonomy,class_object_taskonomy
26,class_scene_taskonomy,class_scene_taskonomy.h5,class_scene_taskonomy,True,True,included,class_scene_taskonomy,Scene Classification,Convolutional,resnet50,taskonomy,taskonomy,,class_scene,Semantic,,,,,,fig3_taskonomy,class_scene_taskonomy
27,curvature_taskonomy,curvature_taskonomy.h5,curvature_taskonomy,True,True,included,curvature_taskonomy,Curvatures,Convolutional,resnet50,taskonomy,taskonomy,,curvature,3D,,,,,,fig3_taskonomy,curvature_taskonomy
28,denoising_taskonomy,denoising_taskonomy.h5,denoising_taskonomy,True,True,included,denoising_taskonomy,Denoising,Convolutional,resnet50,taskonomy,taskonomy,,denoising,Other,,,,,,fig3_taskonomy,denoising_taskonomy
29,depth_euclidean_taskonomy,depth_euclidean_taskonomy.h5,depth_euclidean_taskonomy,True,True,included,depth_euclidean_taskonomy,Euclidean Depth,Convolutional,resnet50,taskonomy,taskonomy,,depth_euclidean,3D,,,,,,fig3_taskonomy,depth_euclidean_taskonomy
30,depth_zbuffer_taskonomy,depth_zbuffer_taskonomy.h5,depth_zbuffer_taskonomy,True,True,included,depth_zbuffer_taskonomy,Z-Buffer Depth,Convolutional,resnet50,taskonomy,taskonomy,,depth_zbuffer,3D,,,,,,fig3_taskonomy,depth_zbuffer_taskonomy
31,edge_occlusion_taskonomy,edge_occlusion_taskonomy.h5,edge_occlusion_taskonomy,True,True,included,edge_occlusion_taskonomy,Occlusion Edges,Convolutional,resnet50,taskonomy,taskonomy,,edge_occlusion,3D,,,,,,fig3_taskonomy,edge_occlusion_taskonomy
32,edge_texture_taskonomy,edge_texture_taskonomy.h5,edge_texture_taskonomy,True,True,included,edge_texture_taskonomy,Texture Edges,Convolutional,resnet50,taskonomy,taskonomy,,edge_texture,2D,,,,,,fig3_taskonomy,edge_texture_taskonomy
33,egomotion_taskonomy,egomotion_taskonomy.h5,egomotion_taskonomy,True,True,included,egomotion_taskonomy,Egomotion,Convolutional,resnet50,taskonomy,taskonomy,,egomotion,Geometric,,,,,,fig3_taskonomy,egomotion_taskonomy
34,fixated_pose_taskonomy,fixated_pose_taskonomy.h5,fixated_pose_taskonomy,True,True,included,fixated_pose_taskonomy,Camera Pose (Fixated),Convolutional,resnet50,taskonomy,taskonomy,,fixated_pose,Geometric,,,,,,fig3_taskonomy,fixated_pose_taskonomy
35,inpainting_taskonomy,inpainting_taskonomy.h5,inpainting_taskonomy,True,True,included,inpainting_taskonomy,Inpainting,Convolutional,resnet50,taskonomy,taskonomy,,inpainting,2D,,,,,,fig3_taskonomy,inpainting_taskonomy
36,jigsaw_taskonomy,jigsaw_taskonomy.h5,jigsaw_taskonomy,True,True,included,jigsaw_taskonomy,Jigsaw,Convolutional,resnet50,taskonomy,taskonomy,,jigsaw,Geometric,,,,,,fig3_taskonomy,jigsaw_taskonomy
37,keypoints2d_taskonomy,keypoints2d_taskonomy.h5,keypoints2d_taskonomy,True,True,included,keypoints2d_taskonomy,2D Keypoints,Convolutional,resnet50,taskonomy,taskonomy,,keypoints2d,2D,,,,,,fig3_taskonomy,keypoints2d_taskonomy
38,keypoints3d_taskonomy,keypoints3d_taskonomy.h5,keypoints3d_taskonomy,True,True,included,keypoints3d_taskonomy,3D Keypoints,Convolutional,resnet50,taskonomy,taskonomy,,keypoints3d,3D,,,,,,fig3_taskonomy,keypoints3d_taskonomy
39,nonfixated_pose_taskonomy,nonfixated_pose_taskonomy.h5,nonfixated_pose_taskonomy,True,True,included,nonfixated_pose_taskonomy,Camera Pose (Nonfixated),Convolutional,resnet50,taskonomy,taskonomy,,nonfixated_pose,Geometric,,,,,,fig3_taskonomy,nonfixated_pose_taskonomy
40,normal_taskonomy,normal_taskonomy.h5,normal_taskonomy,True,True,included,normal_taskonomy,Surface Normals,Convolutional,resnet50,taskonomy,taskonomy,,normal,3D,,,,,,fig3_taskonomy,normal_taskonomy
41,point_matching_taskonomy,point_matching_taskonomy.h5,point_matching_taskonomy,True,True,included,point_matching_taskonomy,Point Matching,Convolutional,resnet50,taskonomy,taskonomy,,point_matching,Geometric,,,,,,fig3_taskonomy,point_matching_taskonomy
42,reshading_taskonomy,reshading_taskonomy.h5,reshading_taskonomy,True,True,included,reshading_taskonomy,Reshading,Convolutional,resnet50,taskonomy,taskonomy,,reshading,3D,,,,,,fig3_taskonomy,reshading_taskonomy
43,room_layout_taskonomy,room_layout_taskonomy.h5,room_layout_taskonomy,True,True,included,room_layout_taskonomy,Room Layout,Convolutional,resnet50,taskonomy,taskonomy,,room_layout,Geometric,,,,,,fig3_taskonomy,room_layout_taskonomy
44,segment_semantic_taskonomy,segment_semantic_taskonomy.h5,segment_semantic_taskonomy,True,True,included,segment_semantic_taskonomy,Semantic Segmentation,Convolutional,resnet50,taskonomy,taskonomy,,segment_semantic,Semantic,,,,,,fig3_taskonomy,segment_semantic_taskonomy
45,segment_unsup25d_taskonomy,segment_unsup25d_taskonomy.h5,segment_unsup25d_taskonomy,True,True,included,segment_unsup25d_taskonomy,Unsupervised 2.5D Segmentation,Convolutional,resnet50,taskonomy,taskonomy,,segment_unsup25d,3D,,,,,,fig3_taskonomy,segment_unsup25d_taskonomy
46,segment_unsup2d_taskonomy,segment_unsup2d_taskonomy.h5,segment_unsup2d_taskonomy,True,True,included,segment_unsup2d_taskonomy,Unsupervised 2D Segmentation,Convolutional,resnet50,taskonomy,taskonomy,,segment_unsup2d,2D,,,,,,fig3_taskonomy,segment_unsup2d_taskonomy
47,vanishing_point_taskonomy,vanishing_point_taskonomy.h5,vanishing_point_taskonomy,True,True,included,vanishing_point_taskonomy,Vanishing Point,Convolutional,resnet50,taskonomy,taskonomy,,vanishing_point,Geometric,,,,,,fig3_taskonomy,vanishing_point_taskonomy
48,random_weights_taskonomy,random_weights_taskonomy.h5,random_weights_taskonomy,True,True,included,random_weights_taskonomy,Random Weights,Convolutional,resnet50,taskonomy,,,random_weights,Random,,,,,,fig3_taskonomy,random_weights_taskonomy
160,ResNet50-JigSaw-P100_selfsupervised,ResNet50-JigSaw-P100_selfsupervised.h5,ResNet50/JigSaw/P100_selfsupervised,True,True,included,ResNet50-JigSaw-P100_selfsupervised,ResNet50-JigSaw-P100,Convolutional,ResNet50,selfsupervised,imagenet,,,,JigSaw-P100,Non-Contrastive,,,,fig3_selfsupervised_resnet50,ResNet50-JigSaw-P100_selfsupervised
161,ResNet50-JigSaw-Goyal19_selfsupervised,ResNet50-JigSaw-Goyal19_selfsupervised.h5,ResNet50/JigSaw/Goyal19_selfsupervised,True,True,included,ResNet50-JigSaw-Goyal19_selfsupervised,ResNet50-JigSaw-Goyal19,Convolutional,ResNet50,selfsupervised,imagenet,,,,JigSaw-Goyal19,Non-Contrastive,,,,fig3_selfsupervised_resnet50,ResNet50-JigSaw-Goyal19_selfsupervised
162,ResNet50-RotNet_selfsupervised,ResNet50-RotNet_selfsupervised.h5,ResNet50/RotNet_selfsupervised,True,True,included,ResNet50-RotNet_selfsupervised,ResNet50-RotNet,Convolutional,ResNet50,selfsupervised,imagenet,,,,RotNet,Non-Contrastive,,,,fig3_selfsupervised_resnet50,ResNet50-RotNet_selfsupervised
163,ResNet50-ClusterFit-16K-RotNet_selfsupervised,ResNet50-ClusterFit-16K-RotNet_selfsupervised.h5,ResNet50/ClusterFit/16K/RotNet_selfsupervised,True,True,included,ResNet50-ClusterFit-16K-RotNet_selfsupervised,ResNet50-ClusterFit-16K-RotNet,Convolutional,ResNet50,selfsupervised,imagenet,,,,ClusterFit-16K-RotNet,Non-Contrastive,,,,fig3_selfsupervised_resnet50,ResNet50-ClusterFit-16K-RotNet_selfsupervised
164,ResNet50-PIRL_selfsupervised,ResNet50-PIRL_selfsupervised.h5,ResNet50/PIRL_selfsupervised,True,True,included,ResNet50-PIRL_selfsupervised,ResNet50-PIRL,Convolutional,ResNet50,selfsupervised,imagenet,,,,PIRL,Contrastive,,,,fig3_selfsupervised_resnet50,ResNet50-PIRL_selfsupervised
165,ResNet50-SimCLR_selfsupervised,ResNet50-SimCLR_selfsupervised.h5,ResNet50/SimCLR_selfsupervised,True,True,included,ResNet50-SimCLR_selfsupervised,ResNet50-SimCLR,Convolutional,ResNet50,selfsupervised,imagenet,,,,SimCLR,Contrastive,,,,fig3_selfsupervised_resnet50,ResNet50-SimCLR_selfsupervised
166,ResNet50-DeepClusterV2-2x224+6x96_selfsupervised,ResNet50-DeepClusterV2-2x224+6x96_selfsupervised.h5,ResNet50/DeepClusterV2/2x224+6x96_selfsupervised,True,True,included,ResNet50-DeepClusterV2-2x224+6x96_selfsupervised,ResNet50-DeepClusterV2,Convolutional,ResNet50,selfsupervised,imagenet,,,,DeepClusterV2-2x224+6x96,Contrastive,,,,fig3_selfsupervised_resnet50,ResNet50-DeepClusterV2-2x224+6x96_selfsupervised
167,ResNet50-SwAV-BS4096-2x224+6x96_selfsupervised,ResNet50-SwAV-BS4096-2x224+6x96_selfsupervised.h5,ResNet50/SwAV/BS4096/2x224+6x96_selfsupervised,True,True,included,ResNet50-SwAV-BS4096-2x224+6x96_selfsupervised,ResNet50-SwAV-BS4096,Convolutional,ResNet50,selfsupervised,imagenet,,,,SwAV-BS4096-2x224+6x96,Contrastive,,,,fig3_selfsupervised_resnet50,ResNet50-SwAV-BS4096-2x224+6x96_selfsupervised
168,ResNet50-MoCoV2-BS256_selfsupervised,ResNet50-MoCoV2-BS256_selfsupervised.h5,ResNet50/MoCoV2/BS256_selfsupervised,True,True,included,ResNet50-MoCoV2-BS256_selfsupervised,ResNet50-MoCoV2-BS256,Convolutional,ResNet50,selfsupervised,imagenet,,,,MoCoV2-BS256,Contrastive,,,,fig3_selfsupervised_resnet50,ResNet50-MoCoV2-BS256_selfsupervised
169,ResNet50-BarlowTwins-BS2048_selfsupervised,ResNet50-BarlowTwins-BS2048_selfsupervised.h5,ResNet50/BarlowTwins/BS2048_selfsupervised,True,True,included,ResNet50-BarlowTwins-BS2048_selfsupervised,ResNet50-BarlowTwins-BS2048,Convolutional,ResNet50,selfsupervised,imagenet,,,,BarlowTwins-BS2048,Contrastive,,,,fig3_selfsupervised_resnet50,ResNet50-BarlowTwins-BS2048_selfsupervised
194,ViT-S-SimCLR_slip,ViT-S-SimCLR_slip.h5,ViT/S/SimCLR_slip,True,True,included,ViT-S-SimCLR_slip,ViT-S-SimCLR,Transformer,ViT-S,slip,YFCC15M,,,,,,SimCLR,,,fig3_slip,ViT-S-SimCLR_slip
195,ViT-S-CLIP_slip,ViT-S-CLIP_slip.h5,ViT/S/CLIP_slip,True,True,included,ViT-S-CLIP_slip,ViT-S-CLIP,Transformer,ViT-S,slip,YFCC15M,,,,,,CLIP,,,fig3_slip,ViT-S-CLIP_slip
196,ViT-S-SLIP_slip,ViT-S-SLIP_slip.h5,ViT/S/SLIP_slip,True,True,included,ViT-S-SLIP_slip,ViT-S-SLIP,Transformer,ViT-S,slip,YFCC15M,,,,,,SLIP,,,fig3_slip,ViT-S-SLIP_slip
197,ViT-B-SimCLR_slip,ViT-B-SimCLR_slip.h5,ViT/B/SimCLR_slip,True,True,included,ViT-B-SimCLR_slip,ViT-B-SimCLR,Transformer,ViT-B,slip,YFCC15M,,,,,,SimCLR,,,fig3_slip,ViT-B-SimCLR_slip
198,ViT-B-CLIP_slip,ViT-B-CLIP_slip.h5,ViT/B/CLIP_slip,True,True,included,ViT-B-CLIP_slip,ViT-B-CLIP,Transformer,ViT-B,slip,YFCC15M,,,,,,CLIP,,,fig3_slip,ViT-B-CLIP_slip
199,ViT-B-SLIP_slip,ViT-B-SLIP_slip.h5,ViT/B/SLIP_slip,True,True,included,ViT-B-SLIP_slip,ViT-B-SLIP,Transformer,ViT-B,slip,YFCC15M,,,,,,SLIP,,,fig3_slip,ViT-B-SLIP_slip
200,ViT-L-SimCLR_slip,ViT-L-SimCLR_slip.h5,ViT/L/SimCLR_slip,True,True,included,ViT-L-SimCLR_slip,ViT-L-SimCLR,Transformer,ViT-L,slip,YFCC15M,,,,,,SimCLR,,,fig3_slip,ViT-L-SimCLR_slip
201,ViT-L-CLIP_slip,ViT-L-CLIP_slip.h5,ViT/L/CLIP_slip,True,True,included,ViT-L-CLIP_slip,ViT-L-CLIP,Transformer,ViT-L,slip,YFCC15M,,,,,,CLIP,,,fig3_slip,ViT-L-CLIP_slip
202,ViT-L-SLIP_slip,ViT-L-SLIP_slip.h5,ViT/L/SLIP_slip,True,True,included,ViT-L-SLIP_slip,ViT-L-SLIP,Transformer,ViT-L,slip,YFCC15M,,,,,,SLIP,,,fig3_slip,ViT-L-SLIP_slip
70,mixer_b16_224_classification,mixer_b16_224_classification.h5,mixer_b16_224_classification,True,True,included,mixer_b16_224_classification,MLP-Mixer-B16,MLP-Mixer,mixer_b16_224,classification,imagenet,MLP-Mixer,,,,,,imagenet,,fig4_imagenet_size,mixer_b16_224_classification
71,mixer_l16_224_classification,mixer_l16_224_classification.h5,mixer_l16_224_classification,True,True,included,mixer_l16_224_classification,MLP-Mixer-L16,MLP-Mixer,mixer_l16_224,classification,imagenet,MLP-Mixer,,,,,,imagenet,,fig4_imagenet_size,mixer_l16_224_classification
84,resmlp_big_24_224_classification,resmlp_big_24_224_classification.h5,resmlp_big_24_224_classification,True,True,included,resmlp_big_24_224_classification,ResMLP-Big-24,MLP-Mixer,resmlp_big_24_224,classification,imagenet,MLP-Mixer,,,,,,imagenet,,fig4_imagenet_size,resmlp_big_24_224_classification
181,convnext_base_in22k_classification,convnext_base_in22k_classification.h5,convnext_base_in22k_classification,True,True,included,convnext_base_in22k_classification,ConvNext-Base-IN21K,Convolutional,convnext_base,classification,imagenet21k,,,,,,,imagenet21k,,fig4_imagenet_size,convnext_base_in22k_classification
182,convnext_large_in22k_classification,convnext_large_in22k_classification.h5,convnext_large_in22k_classification,True,True,included,convnext_large_in22k_classification,ConvNext-Large-IN21K,Convolutional,convnext_large,classification,imagenet21k,,,,,,,imagenet21k,,fig4_imagenet_size,convnext_large_in22k_classification
183,mixer_b16_224_in21k_classification,mixer_b16_224_in21k_classification.h5,mixer_b16_224_in21k_classification,True,True,included,mixer_b16_224_in21k_classification,Mixer-B16-IN22K,MLP-Mixer,mixer_b16_224,classification,imagenet21k,,,,,,,imagenet21k,,fig4_imagenet_size,mixer_b16_224_in21k_classification
184,mixer_l16_224_in21k_classification,mixer_l16_224_in21k_classification.h5,mixer_l16_224_in21k_classification,True,True,included,mixer_l16_224_in21k_classification,Mixer-L16-IN22K,MLP-Mixer,mixer_l16_224,classification,imagenet21k,,,,,,,imagenet21k,,fig4_imagenet_size,mixer_l16_224_in21k_classification
185,swin_base_patch4_window7_224_in22k_classification,swin_base_patch4_window7_224_in22k_classification.h5,swin_base_patch4_window7_224_in22k_classification,True,True,included,swin_base_patch4_window7_224_in22k_classification,Swin-B-P4-W7-IN21K,Transformer,swin_base_patch4_window7_224,classification,imagenet21k,,,,,,,imagenet21k,,fig4_imagenet_size,swin_base_patch4_window7_224_in22k_classification
186,swin_large_patch4_window7_224_in22k_classification,swin_large_patch4_window7_224_in22k_classification.h5,swin_large_patch4_window7_224_in22k_classification,True,True,included,swin_large_patch4_window7_224_in22k_classification,Swin-L-P4-W7-IN21K,Transformer,swin_large_patch4_window7_224,classification,imagenet21k,,,,,,,imagenet21k,,fig4_imagenet_size,swin_large_patch4_window7_224_in22k_classification
187,resmlp_big_24_224_in22ft1k_classification,resmlp_big_24_224_in22ft1k_classification.h5,resmlp_big_24_224_in22ft1k_classification,True,True,included,resmlp_big_24_224_in22ft1k_classification,ResMLP-Big-24-IN21K,MLP-Mixer,resmlp_big_24_224,classification,imagenet21k,,,,,,,imagenet21k,,fig4_imagenet_size,resmlp_big_24_224_in22ft1k_classification
189,vit_base_patch16_224_in21k_classification,vit_base_patch16_224_in21k_classification.h5,vit_base_patch16_224_in21k_classification,True,True,included,vit_base_patch16_224_in21k_classification,ViT-B-P16-IN21K,Transformer,vit_base_patch16_224,classification,imagenet21k,,,,,,,imagenet21k,,fig4_imagenet_size,vit_base_patch16_224_in21k_classification
190,vit_small_patch16_224_in21k_classification,vit_small_patch16_224_in21k_classification.h5,vit_small_patch16_224_in21k_classification,True,True,included,vit_small_patch16_224_in21k_classification,ViT-S-P16-IN21K,Transformer,vit_small_patch16_224,classification,imagenet21k,,,,,,,imagenet21k,,fig4_imagenet_size,vit_small_patch16_224_in21k_classification
191,vit_large_patch16_224_in21k_classification,vit_large_patch16_224_in21k_classification.h5,vit_large_patch16_224_in21k_classification,True,True,included,vit_large_patch16_224_in21k_classification,ViT-L-P16-IN21K,Transformer,vit_large_patch16_224,classification,imagenet21k,,,,,,,imagenet21k,,fig4_imagenet_size,vit_large_patch16_224_in21k_classification
192,vit_base_patch32_224_in21k_classification,vit_base_patch32_224_in21k_classification.h5,vit_base_patch32_224_in21k_classification,True,True,included,vit_base_patch32_224_in21k_classification,ViT-B-P32-IN21K,Transformer,vit_base_patch32_224,classification,imagenet21k,,,,,,,imagenet21k,,fig4_imagenet_size,vit_base_patch32_224_in21k_classification
193,vit_small_patch32_224_in21k_classification,vit_small_patch32_224_in21k_classification.h5,vit_small_patch32_224_in21k_classification,True,True,included,vit_small_patch32_224_in21k_classification,ViT-S-P32-IN21K,Transformer,vit_small_patch32_224,classification,imagenet21k,,,,,,,imagenet21k,,fig4_imagenet_size,vit_small_patch32_224_in21k_classification
211,alexnet_gn_ipcl_imagenet,alexnet_gn_ipcl_imagenet.h5,alexnet_gn_ipcl_imagenet,True,True,included,alexnet_gn_ipcl_imagenet_ipcl,AlexNet-GN-IPCLImageNet,Convolutional,alexnet_gn,ipcl,imagenet,,,,,,,,imagenet,fig4_ipcl,alexnet_gn_ipcl_imagenet_ipcl
212,alexnet_gn_ipcl_openimages,alexnet_gn_ipcl_openimages.h5,alexnet_gn_ipcl_openimages,True,True,included,alexnet_gn_ipcl_openimages_ipcl,AlexNet-GN-IPCLOpenImages,Convolutional,alexnet_gn,ipcl,openimages,,,,,,,,openimages,fig4_ipcl,alexnet_gn_ipcl_openimages_ipcl
213,alexnet_gn_ipcl_places256,alexnet_gn_ipcl_places256.h5,alexnet_gn_ipcl_places256,True,True,included,alexnet_gn_ipcl_places256_ipcl,AlexNet-GN-IPCLPlaces256,Convolutional,alexnet_gn,ipcl,places256,,,,,,,,places256,fig4_ipcl,alexnet_gn_ipcl_places256_ipcl
214,alexnet_gn_ipcl_vggface2,alexnet_gn_ipcl_vggface2.h5,alexnet_gn_ipcl_vggface2,True,True,included,alexnet_gn_ipcl_vggface2_ipcl,AlexNet-GN-IPCLVGGFace2,Convolutional,alexnet_gn,ipcl,vggface2,,,,,,,,vggface2,fig4_ipcl,alexnet_gn_ipcl_vggface2_ipcl
,BiT-Expert-ResNet-V2-Abstraction_bit_expert,BiT-Expert-ResNet-V2-Abstraction_bit_expert.h5,BiT/Expert/ResNet/V2/Abstraction_bit_expert,True,False,available_unneeded,,,,,,,,,,,,,,,,
,BiT-Expert-ResNet-V2-Animal_bit_expert,BiT-Expert-ResNet-V2-Animal_bit_expert.h5,BiT/Expert/ResNet/V2/Animal_bit_expert,True,False,available_unneeded,,,,,,,,,,,,,,,,
,BiT-Expert-ResNet-V2-Arthropod_bit_expert,BiT-Expert-ResNet-V2-Arthropod_bit_expert.h5,BiT/Expert/ResNet/V2/Arthropod_bit_expert,True,False,available_unneeded,,,,,,,,,,,,,,,,
,BiT-Expert-ResNet-V2-Bird_bit_expert,BiT-Expert-ResNet-V2-Bird_bit_expert.h5,BiT/Expert/ResNet/V2/Bird_bit_expert,True,False,available_unneeded,,,,,,,,,,,,,,,,
,BiT-Expert-ResNet-V2-Flower_bit_expert,BiT-Expert-ResNet-V2-Flower_bit_expert.h5,BiT/Expert/ResNet/V2/Flower_bit_expert,True,False,available_unneeded,,,,,,,,,,,,,,,,
,BiT-Expert-ResNet-V2-Food_bit_expert,BiT-Expert-ResNet-V2-Food_bit_expert.h5,BiT/Expert/ResNet/V2/Food_bit_expert,True,False,available_unneeded,,,,,,,,,,,,,,,,
,BiT-Expert-ResNet-V2-Instrument_bit_expert,BiT-Expert-ResNet-V2-Instrument_bit_expert.h5,BiT/Expert/ResNet/V2/Instrument_bit_expert,True,False,available_unneeded,,,,,,,,,,,,,,,,
,BiT-Expert-ResNet-V2-Mammal_bit_expert,BiT-Expert-ResNet-V2-Mammal_bit_expert.h5,BiT/Expert/ResNet/V2/Mammal_bit_expert,True,False,available_unneeded,,,,,,,,,,,,,,,,
,BiT-Expert-ResNet-V2-Object_bit_expert,BiT-Expert-ResNet-V2-Object_bit_expert.h5,BiT/Expert/ResNet/V2/Object_bit_expert,True,False,available_unneeded,,,,,,,,,,,,,,,,
,BiT-Expert-ResNet-V2-Relation_bit_expert,BiT-Expert-ResNet-V2-Relation_bit_expert.h5,BiT/Expert/ResNet/V2/Relation_bit_expert,True,False,available_unneeded,,,,,,,,,,,,,,,,
,BiT-Expert-ResNet-V2-Vehicle_bit_expert,BiT-Expert-ResNet-V2-Vehicle_bit_expert.h5,BiT/Expert/ResNet/V2/Vehicle_bit_expert,True,False,available_unneeded,,,,,,,,,,,,,,,,
,DPT_Hybrid_monoculardepth,DPT_Hybrid_monoculardepth.h5,DPT_Hybrid_monoculardepth,True,False,available_unneeded,,,,,,,,,,,,,,,,
,DPT_Large_monoculardepth,DPT_Large_monoculardepth.h5,DPT_Large_monoculardepth,True,False,available_unneeded,,,,,,,,,,,,,,,,
,MiDaS_monoculardepth,MiDaS_monoculardepth.h5,MiDaS_monoculardepth,True,False,available_unneeded,,,,,,,,,,,,,,,,
,RN101_clip,RN101_clip.h5,RN101_clip,True,False,available_unneeded,,,,,,,,,,,,,,,,
,RN50_clip,RN50_clip.h5,RN50_clip,True,False,available_unneeded,,,,,,,,,,,,,,,,
,RN50x16_clip,RN50x16_clip.h5,RN50x16_clip,True,False,available_unneeded,,,,,,,,,,,,,,,,
,RN50x4_clip,RN50x4_clip.h5,RN50x4_clip,True,False,available_unneeded,,,,,,,,,,,,,,,,
,RN50x64_clip,RN50x64_clip.h5,RN50x64_clip,True,False,available_unneeded,,,,,,,,,,,,,,,,
,ResNet50-DeepClusterV2-2x224_selfsupervised,ResNet50-DeepClusterV2-2x224_selfsupervised.h5,ResNet50/DeepClusterV2/2x224_selfsupervised,True,False,available_unneeded,,,,,,,,,,,,,,,,
,ResNet50-NPID-32KNegative_selfsupervised,ResNet50-NPID-32KNegative_selfsupervised.h5,ResNet50/NPID/32KNegative_selfsupervised,True,False,available_unneeded,,,,,,,,,,,,,,,,
,ResNet50-SwAV-BS4096-2x224_selfsupervised,ResNet50-SwAV-BS4096-2x224_selfsupervised.h5,ResNet50/SwAV/BS4096/2x224_selfsupervised,True,False,available_unneeded,,,,,,,,,,,,,,,,
,ViT-B-16_clip,ViT-B-16_clip.h5,ViT/B/16_clip,True,False,available_unneeded,,,,,,,,,,,,,,,,
,ViT-B-32_clip,ViT-B-32_clip.h5,ViT/B/32_clip,True,False,available_unneeded,,,,,,,,,,,,,,,,
,ViT-B-SLIP-Ep100_slip,ViT-B-SLIP-Ep100_slip.h5,ViT/B/SLIP/Ep100_slip,True,False,available_unneeded,,,,,,,,,,,,,,,,
,ViT-L-14_clip,ViT-L-14_clip.h5,ViT/L/14_clip,True,False,available_unneeded,,,,,,,,,,,,,,,,
,ViT-L-CLIP-CC12M_slip,ViT-L-CLIP-CC12M_slip.h5,ViT/L/CLIP/CC12M_slip,True,False,available_unneeded,,,,,,,,,,,,,,,,
,ViT-L-SLIP-CC12M_slip,ViT-L-SLIP-CC12M_slip.h5,ViT/L/SLIP/CC12M_slip,True,False,available_unneeded,,,,,,,,,,,,,,,,
,ViT-L-SLIP-Ep100_slip,ViT-L-SLIP-Ep100_slip.h5,ViT/L/SLIP/Ep100_slip,True,False,available_unneeded,,,,,,,,,,,,,,,,
,ViT-S-SLIP-Ep100_slip,ViT-S-SLIP-Ep100_slip.h5,ViT/S/SLIP/Ep100_slip,True,False,available_unneeded,,,,,,,,,,,,,,,,
,adv_inception_v3_adversarial,adv_inception_v3_adversarial.h5,adv_inception_v3_adversarial,True,False,available_unneeded,,,,,,,,,,,,,,,,
,beit_base_patch16_224_bert_pretraining,beit_base_patch16_224_bert_pretraining.h5,beit_base_patch16_224_bert_pretraining,True,False,available_unneeded,,,,,,,,,,,,,,,,
,beit_large_patch16_224_bert_pretraining,beit_large_patch16_224_bert_pretraining.h5,beit_large_patch16_224_bert_pretraining,True,False,available_unneeded,,,,,,,,,,,,,,,,
,cait_s24_224_classification,cait_s24_224_classification.h5,cait_s24_224_classification,True,False,available_unneeded,,,,,,,,,,,,,,,,
,cait_xxs24_224_classification,cait_xxs24_224_classification.h5,cait_xxs24_224_classification,True,False,available_unneeded,,,,,,,,,,,,,,,,
,coat_lite_small_classification,coat_lite_small_classification.h5,coat_lite_small_classification,True,False,available_unneeded,,,,,,,,,,,,,,,,
,coat_mini_classification,coat_mini_classification.h5,coat_mini_classification,True,False,available_unneeded,,,,,,,,,,,,,,,,
,convit_base_classification,convit_base_classification.h5,convit_base_classification,True,False,available_unneeded,,,,,,,,,,,,,,,,
,convit_small_classification,convit_small_classification.h5,convit_small_classification,True,False,available_unneeded,,,,,,,,,,,,,,,,
,convit_tiny_classification,convit_tiny_classification.h5,convit_tiny_classification,True,False,available_unneeded,,,,,,,,,,,,,,,,
,convmixer_768_32_classification,convmixer_768_32_classification.h5,convmixer_768_32_classification,True,False,available_unneeded,,,,,,,,,,,,,,,,
,convnext_small_classification,convnext_small_classification.h5,convnext_small_classification,True,False,available_unneeded,,,,,,,,,,,,,,,,
,crossvit_tiny_240_classification,crossvit_tiny_240_classification.h5,crossvit_tiny_240_classification,True,False,available_unneeded,,,,,,,,,,,,,,,,
,cspdarknet53_classification,cspdarknet53_classification.h5,cspdarknet53_classification,True,False,available_unneeded,,,,,,,,,,,,,,,,
,deit_small_patch16_224_classification,deit_small_patch16_224_classification.h5,deit_small_patch16_224_classification,True,False,available_unneeded,,,,,,,,,,,,,,,,
,deit_tiny_patch16_224_classification,deit_tiny_patch16_224_classification.h5,deit_tiny_patch16_224_classification,True,False,available_unneeded,,,,,,,,,,,,,,,,
,densenet161_classification,densenet161_classification.h5,densenet161_classification,True,False,available_unneeded,,,,,,,,,,,,,,,,
,densenet169_classification,densenet169_classification.h5,densenet169_classification,True,False,available_unneeded,,,,,,,,,,,,,,,,
,densenet201_classification,densenet201_classification.h5,densenet201_classification,True,False,available_unneeded,,,,,,,,,,,,,,,,
,dino_resnet50_selfsupervised,dino_resnet50_selfsupervised.h5,dino_resnet50_selfsupervised,True,False,available_unneeded,,,,,,,,,,,,,,,,
,dino_vitb16_selfsupervised,dino_vitb16_selfsupervised.h5,dino_vitb16_selfsupervised,True,False,available_unneeded,,,,,,,,,,,,,,,,
,dino_vitb8_selfsupervised,dino_vitb8_selfsupervised.h5,dino_vitb8_selfsupervised,True,False,available_unneeded,,,,,,,,,,,,,,,,
,dino_vits16_selfsupervised,dino_vits16_selfsupervised.h5,dino_vits16_selfsupervised,True,False,available_unneeded,,,,,,,,,,,,,,,,
,dino_vits8_selfsupervised,dino_vits8_selfsupervised.h5,dino_vits8_selfsupervised,True,False,available_unneeded,,,,,,,,,,,,,,,,
,dino_xcit_medium_24_p16_selfsupervised,dino_xcit_medium_24_p16_selfsupervised.h5,dino_xcit_medium_24_p16_selfsupervised,True,False,available_unneeded,,,,,,,,,,,,,,,,
,dino_xcit_medium_24_p8_selfsupervised,dino_xcit_medium_24_p8_selfsupervised.h5,dino_xcit_medium_24_p8_selfsupervised,True,False,available_unneeded,,,,,,,,,,,,,,,,
,dino_xcit_small_12_p16_selfsupervised,dino_xcit_small_12_p16_selfsupervised.h5,dino_xcit_small_12_p16_selfsupervised,True,False,available_unneeded,,,,,,,,,,,,,,,,
,dino_xcit_small_12_p8_selfsupervised,dino_xcit_small_12_p8_selfsupervised.h5,dino_xcit_small_12_p8_selfsupervised,True,False,available_unneeded,,,,,,,,,,,,,,,,
,dinov2_vitl14,dinov2_vitl14.h5,dinov2_vitl14,True,False,available_unneeded,,,,,,,,,,,,,,,,
,dla169_classification,dla169_classification.h5,dla169_classification,True,False,available_unneeded,,,,,,,,,,,,,,,,
,eca_nfnet_l1_classification,eca_nfnet_l1_classification.h5,eca_nfnet_l1_classification,True,False,available_unneeded,,,,,,,,,,,,,,,,
,ecaresnet101d_classification,ecaresnet101d_classification.h5,ecaresnet101d_classification,True,False,available_unneeded,,,,,,,,,,,,,,,,
,ecaresnet50d_classification,ecaresnet50d_classification.h5,ecaresnet50d_classification,True,False,available_unneeded,,,,,,,,,,,,,,,,
,efficientnet_b5_classification,efficientnet_b5_classification.h5,efficientnet_b5_classification,True,False,available_unneeded,,,,,,,,,,,,,,,,
,efficientnetv2_rw_s_classification,efficientnetv2_rw_s_classification.h5,efficientnetv2_rw_s_classification,True,False,available_unneeded,,,,,,,,,,,,,,,,
,fbnetc_100_classification,fbnetc_100_classification.h5,fbnetc_100_classification,True,False,available_unneeded,,,,,,,,,,,,,,,,
,gcresnet50t_classification,gcresnet50t_classification.h5,gcresnet50t_classification,True,False,available_unneeded,,,,,,,,,,,,,,,,
,gernet_l_classification,gernet_l_classification.h5,gernet_l_classification,True,False,available_unneeded,,,,,,,,,,,,,,,,
,gernet_s_classification,gernet_s_classification.h5,gernet_s_classification,True,False,available_unneeded,,,,,,,,,,,,,,,,
,hrnet_w18_classification,hrnet_w18_classification.h5,hrnet_w18_classification,True,False,available_unneeded,,,,,,,,,,,,,,,,
,hrnet_w64_classification,hrnet_w64_classification.h5,hrnet_w64_classification,True,False,available_unneeded,,,,,,,,,,,,,,,,
,inception_resnet_v2_classification,inception_resnet_v2_classification.h5,inception_resnet_v2_classification,True,False,available_unneeded,,,,,,,,,,,,,,,,
,inception_v4_classification,inception_v4_classification.h5,inception_v4_classification,True,False,available_unneeded,,,,,,,,,,,,,,,,
,jx_nest_base_classification,jx_nest_base_classification.h5,jx_nest_base_classification,True,False,available_unneeded,,,,,,,,,,,,,,,,
,jx_nest_small_classification,jx_nest_small_classification.h5,jx_nest_small_classification,True,False,available_unneeded,,,,,,,,,,,,,,,,
,lambda_resnet26t_classification,lambda_resnet26t_classification.h5,lambda_resnet26t_classification,True,False,available_unneeded,,,,,,,,,,,,,,,,
,levit_256_classification,levit_256_classification.h5,levit_256_classification,True,False,available_unneeded,,,,,,,,,,,,,,,,
,mixnet_l_classification,mixnet_l_classification.h5,mixnet_l_classification,True,False,available_unneeded,,,,,,,,,,,,,,,,
,mixnet_s_classification,mixnet_s_classification.h5,mixnet_s_classification,True,False,available_unneeded,,,,,,,,,,,,,,,,
,mnasnet0_5_classification,mnasnet0_5_classification.h5,mnasnet0_5_classification,True,False,available_unneeded,,,,,,,,,,,,,,,,
,mnasnet_100_classification,mnasnet_100_classification.h5,mnasnet_100_classification,True,False,available_unneeded,,,,,,,,,,,,,,,,
,mobilenetv3_large_100_miil_in21k_classification,mobilenetv3_large_100_miil_in21k_classification.h5,mobilenetv3_large_100_miil_in21k_classification,True,False,available_unneeded,,,,,,,,,,,,,,,,
,mobilenetv3_rw_classification,mobilenetv3_rw_classification.h5,mobilenetv3_rw_classification,True,False,available_unneeded,,,,,,,,,,,,,,,,
,mobilevit_s_classification,mobilevit_s_classification.h5,mobilevit_s_classification,True,False,available_unneeded,,,,,,,,,,,,,,,,
,nasnetalarge_classification,nasnetalarge_classification.h5,nasnetalarge_classification,True,False,available_unneeded,,,,,,,,,,,,,,,,
,openclip_vit_l_14_laion400m_e31,openclip_vit_l_14_laion400m_e31.h5,openclip_vit_l_14_laion400m_e31,True,False,available_unneeded,,,,,,,,,,,,,,,,
,openclip_vit_l_14_quickgelu_metaclip_400m,openclip_vit_l_14_quickgelu_metaclip_400m.h5,openclip_vit_l_14_quickgelu_metaclip_400m,True,False,available_unneeded,,,,,,,,,,,,,,,,
,openclip_vit_l_14_quickgelu_metaclip_fullcc,openclip_vit_l_14_quickgelu_metaclip_fullcc.h5,openclip_vit_l_14_quickgelu_metaclip_fullcc,True,False,available_unneeded,,,,,,,,,,,,,,,,
,openclip_vit_so400m_14_siglip_webli,openclip_vit_so400m_14_siglip_webli.h5,openclip_vit_so400m_14_siglip_webli,True,False,available_unneeded,,,,,,,,,,,,,,,,
,pit_s_224_classification,pit_s_224_classification.h5,pit_s_224_classification,True,False,available_unneeded,,,,,,,,,,,,,,,,
,pnasnet5large_classification,pnasnet5large_classification.h5,pnasnet5large_classification,True,False,available_unneeded,,,,,,,,,,,,,,,,
,poolformer_m36_classification,poolformer_m36_classification.h5,poolformer_m36_classification,True,False,available_unneeded,,,,,,,,,,,,,,,,
,poolformer_s12_classification,poolformer_s12_classification.h5,poolformer_s12_classification,True,False,available_unneeded,,,,,,,,,,,,,,,,
,repvgg_b1_classification,repvgg_b1_classification.h5,repvgg_b1_classification,True,False,available_unneeded,,,,,,,,,,,,,,,,
,repvgg_b1g4_classification,repvgg_b1g4_classification.h5,repvgg_b1g4_classification,True,False,available_unneeded,,,,,,,,,,,,,,,,
,res2net50_26w_4s_classification,res2net50_26w_4s_classification.h5,res2net50_26w_4s_classification,True,False,available_unneeded,,,,,,,,,,,,,,,,
,resmlp_12_224_classification,resmlp_12_224_classification.h5,resmlp_12_224_classification,True,False,available_unneeded,,,,,,,,,,,,,,,,
,resmlp_24_224_classification,resmlp_24_224_classification.h5,resmlp_24_224_classification,True,False,available_unneeded,,,,,,,,,,,,,,,,
,resmlp_36_224_classification,resmlp_36_224_classification.h5,resmlp_36_224_classification,True,False,available_unneeded,,,,,,,,,,,,,,,,
,resnest50d_classification,resnest50d_classification.h5,resnest50d_classification,True,False,available_unneeded,,,,,,,,,,,,,,,,
,resnet34_classification,resnet34_classification.h5,resnet34_classification,True,False,available_unneeded,,,,,,,,,,,,,,,,
,resnet50_vicreg_selfsupervised,resnet50_vicreg_selfsupervised.h5,resnet50_vicreg_selfsupervised,True,False,available_unneeded,,,,,,,,,,,,,,,,
,resnet50x2_vicreg_selfsupervised,resnet50x2_vicreg_selfsupervised.h5,resnet50x2_vicreg_selfsupervised,True,False,available_unneeded,,,,,,,,,,,,,,,,
,resnetrs50_classification,resnetrs50_classification.h5,resnetrs50_classification,True,False,available_unneeded,,,,,,,,,,,,,,,,
,resnetv2_101x3_bitm_big_transfer,resnetv2_101x3_bitm_big_transfer.h5,resnetv2_101x3_bitm_big_transfer,True,False,available_unneeded,,,,,,,,,,,,,,,,
,resnetv2_101x3_bitm_in21k_big_transfer,resnetv2_101x3_bitm_in21k_big_transfer.h5,resnetv2_101x3_bitm_in21k_big_transfer,True,False,available_unneeded,,,,,,,,,,,,,,,,
,resnetv2_152x4_bitm_big_transfer,resnetv2_152x4_bitm_big_transfer.h5,resnetv2_152x4_bitm_big_transfer,True,False,available_unneeded,,,,,,,,,,,,,,,,
,resnetv2_152x4_bitm_in21k_big_transfer,resnetv2_152x4_bitm_in21k_big_transfer.h5,resnetv2_152x4_bitm_in21k_big_transfer,True,False,available_unneeded,,,,,,,,,,,,,,,,
,resnetv2_50x1_bitm_big_transfer,resnetv2_50x1_bitm_big_transfer.h5,resnetv2_50x1_bitm_big_transfer,True,False,available_unneeded,,,,,,,,,,,,,,,,
,resnetv2_50x1_bitm_in21k_big_transfer,resnetv2_50x1_bitm_in21k_big_transfer.h5,resnetv2_50x1_bitm_in21k_big_transfer,True,False,available_unneeded,,,,,,,,,,,,,,,,
,resnext101_32x8d_classification,resnext101_32x8d_classification.h5,resnext101_32x8d_classification,True,False,available_unneeded,,,,,,,,,,,,,,,,
,resnext50_32x4d_classification,resnext50_32x4d_classification.h5,resnext50_32x4d_classification,True,False,available_unneeded,,,,,,,,,,,,,,,,
,rexnet_100_classification,rexnet_100_classification.h5,rexnet_100_classification,True,False,available_unneeded,,,,,,,,,,,,,,,,
,robustness_imagenet_l2_eps3,robustness_imagenet_l2_eps3.h5,robustness_imagenet_l2_eps3,True,False,available_unneeded,,,,,,,,,,,,,,,,
,selecsls60_classification,selecsls60_classification.h5,selecsls60_classification,True,False,available_unneeded,,,,,,,,,,,,,,,,
,seresnet50_classification,seresnet50_classification.h5,seresnet50_classification,True,False,available_unneeded,,,,,,,,,,,,,,,,
,shufflenet_v2_x0_5_classification,shufflenet_v2_x0_5_classification.h5,shufflenet_v2_x0_5_classification,True,False,available_unneeded,,,,,,,,,,,,,,,,
,skresnet18_classification,skresnet18_classification.h5,skresnet18_classification,True,False,available_unneeded,,,,,,,,,,,,,,,,
,spnasnet_100_classification,spnasnet_100_classification.h5,spnasnet_100_classification,True,False,available_unneeded,,,,,,,,,,,,,,,,
,squeezenet1_1_classification,squeezenet1_1_classification.h5,squeezenet1_1_classification,True,False,available_unneeded,,,,,,,,,,,,,,,,
,ssl_resnet18_semi-supervised,ssl_resnet18_semi-supervised.h5,ssl_resnet18_semi/supervised,True,False,available_unneeded,,,,,,,,,,,,,,,,
,ssl_resnet50_semi-supervised,ssl_resnet50_semi-supervised.h5,ssl_resnet50_semi/supervised,True,False,available_unneeded,,,,,,,,,,,,,,,,
,ssl_resnext101_32x4d_semi-supervised,ssl_resnext101_32x4d_semi-supervised.h5,ssl_resnext101_32x4d_semi/supervised,True,False,available_unneeded,,,,,,,,,,,,,,,,
,swin_small_patch4_window7_224_classification,swin_small_patch4_window7_224_classification.h5,swin_small_patch4_window7_224_classification,True,False,available_unneeded,,,,,,,,,,,,,,,,
,swsl_resnet18_semi-weakly-supervised,swsl_resnet18_semi-weakly-supervised.h5,swsl_resnet18_semi/weakly/supervised,True,False,available_unneeded,,,,,,,,,,,,,,,,
,swsl_resnet50_semi-weakly-supervised,swsl_resnet50_semi-weakly-supervised.h5,swsl_resnet50_semi/weakly/supervised,True,False,available_unneeded,,,,,,,,,,,,,,,,
,swsl_resnext101_32x4d_semi-weakly-supervised,swsl_resnext101_32x4d_semi-weakly-supervised.h5,swsl_resnext101_32x4d_semi/weakly/supervised,True,False,available_unneeded,,,,,,,,,,,,,,,,
,tf_efficientnet_b0_ap_adversarial,tf_efficientnet_b0_ap_adversarial.h5,tf_efficientnet_b0_ap_adversarial,True,False,available_unneeded,,,,,,,,,,,,,,,,
,tf_efficientnet_b0_classification,tf_efficientnet_b0_classification.h5,tf_efficientnet_b0_classification,True,False,available_unneeded,,,,,,,,,,,,,,,,
,tf_efficientnet_b0_ns_noisy_student,tf_efficientnet_b0_ns_noisy_student.h5,tf_efficientnet_b0_ns_noisy_student,True,False,available_unneeded,,,,,,,,,,,,,,,,
,tf_efficientnet_b1_ap_adversarial,tf_efficientnet_b1_ap_adversarial.h5,tf_efficientnet_b1_ap_adversarial,True,False,available_unneeded,,,,,,,,,,,,,,,,
,tf_efficientnet_b1_classification,tf_efficientnet_b1_classification.h5,tf_efficientnet_b1_classification,True,False,available_unneeded,,,,,,,,,,,,,,,,
,tf_efficientnet_b1_ns_noisy_student,tf_efficientnet_b1_ns_noisy_student.h5,tf_efficientnet_b1_ns_noisy_student,True,False,available_unneeded,,,,,,,,,,,,,,,,
,tf_efficientnet_b2_ap_adversarial,tf_efficientnet_b2_ap_adversarial.h5,tf_efficientnet_b2_ap_adversarial,True,False,available_unneeded,,,,,,,,,,,,,,,,
,tf_efficientnet_b2_classification,tf_efficientnet_b2_classification.h5,tf_efficientnet_b2_classification,True,False,available_unneeded,,,,,,,,,,,,,,,,
,tf_efficientnet_b2_ns_noisy_student,tf_efficientnet_b2_ns_noisy_student.h5,tf_efficientnet_b2_ns_noisy_student,True,False,available_unneeded,,,,,,,,,,,,,,,,
,tf_efficientnet_b3_ap_adversarial,tf_efficientnet_b3_ap_adversarial.h5,tf_efficientnet_b3_ap_adversarial,True,False,available_unneeded,,,,,,,,,,,,,,,,
,tf_efficientnet_b3_classification,tf_efficientnet_b3_classification.h5,tf_efficientnet_b3_classification,True,False,available_unneeded,,,,,,,,,,,,,,,,
,tf_efficientnet_b3_ns_noisy_student,tf_efficientnet_b3_ns_noisy_student.h5,tf_efficientnet_b3_ns_noisy_student,True,False,available_unneeded,,,,,,,,,,,,,,,,
,tf_efficientnet_b4_ap_adversarial,tf_efficientnet_b4_ap_adversarial.h5,tf_efficientnet_b4_ap_adversarial,True,False,available_unneeded,,,,,,,,,,,,,,,,
,tf_efficientnet_b4_classification,tf_efficientnet_b4_classification.h5,tf_efficientnet_b4_classification,True,False,available_unneeded,,,,,,,,,,,,,,,,
,tf_efficientnet_b4_ns_noisy_student,tf_efficientnet_b4_ns_noisy_student.h5,tf_efficientnet_b4_ns_noisy_student,True,False,available_unneeded,,,,,,,,,,,,,,,,
,tf_efficientnet_b5_ap_adversarial,tf_efficientnet_b5_ap_adversarial.h5,tf_efficientnet_b5_ap_adversarial,True,False,available_unneeded,,,,,,,,,,,,,,,,
,tf_efficientnet_b5_classification,tf_efficientnet_b5_classification.h5,tf_efficientnet_b5_classification,True,False,available_unneeded,,,,,,,,,,,,,,,,
,tf_efficientnet_b5_ns_noisy_student,tf_efficientnet_b5_ns_noisy_student.h5,tf_efficientnet_b5_ns_noisy_student,True,False,available_unneeded,,,,,,,,,,,,,,,,
,tf_efficientnet_b6_ap_adversarial,tf_efficientnet_b6_ap_adversarial.h5,tf_efficientnet_b6_ap_adversarial,True,False,available_unneeded,,,,,,,,,,,,,,,,
,tf_efficientnet_b6_classification,tf_efficientnet_b6_classification.h5,tf_efficientnet_b6_classification,True,False,available_unneeded,,,,,,,,,,,,,,,,
,tf_efficientnet_b6_ns_noisy_student,tf_efficientnet_b6_ns_noisy_student.h5,tf_efficientnet_b6_ns_noisy_student,True,False,available_unneeded,,,,,,,,,,,,,,,,
,tf_efficientnet_b7_ap_adversarial,tf_efficientnet_b7_ap_adversarial.h5,tf_efficientnet_b7_ap_adversarial,True,False,available_unneeded,,,,,,,,,,,,,,,,
,tf_efficientnet_b7_classification,tf_efficientnet_b7_classification.h5,tf_efficientnet_b7_classification,True,False,available_unneeded,,,,,,,,,,,,,,,,
,tf_efficientnet_b7_ns_noisy_student,tf_efficientnet_b7_ns_noisy_student.h5,tf_efficientnet_b7_ns_noisy_student,True,False,available_unneeded,,,,,,,,,,,,,,,,
,tresnet_l_classification,tresnet_l_classification.h5,tresnet_l_classification,True,False,available_unneeded,,,,,,,,,,,,,,,,
,twins_pcpvt_base_classification,twins_pcpvt_base_classification.h5,twins_pcpvt_base_classification,True,False,available_unneeded,,,,,,,,,,,,,,,,
,twins_svt_base_classification,twins_svt_base_classification.h5,twins_svt_base_classification,True,False,available_unneeded,,,,,,,,,,,,,,,,
,vgg11_bn_classification,vgg11_bn_classification.h5,vgg11_bn_classification,True,False,available_unneeded,,,,,,,,,,,,,,,,
,vgg11_classification,vgg11_classification.h5,vgg11_classification,True,False,available_unneeded,,,,,,,,,,,,,,,,
,vgg13_bn_classification,vgg13_bn_classification.h5,vgg13_bn_classification,True,False,available_unneeded,,,,,,,,,,,,,,,,
,vgg13_classification,vgg13_classification.h5,vgg13_classification,True,False,available_unneeded,,,,,,,,,,,,,,,,
,vgg16_bn_classification,vgg16_bn_classification.h5,vgg16_bn_classification,True,False,available_unneeded,,,,,,,,,,,,,,,,
,vgg19_bn_classification,vgg19_bn_classification.h5,vgg19_bn_classification,True,False,available_unneeded,,,,,,,,,,,,,,,,
,vgg19_classification,vgg19_classification.h5,vgg19_classification,True,False,available_unneeded,,,,,,,,,,,,,,,,
,vit_base_r50_s16_224_in21k_classification,vit_base_r50_s16_224_in21k_classification.h5,vit_base_r50_s16_224_in21k_classification,True,False,available_unneeded,,,,,,,,,,,,,,,,
,vit_large_patch32_224_classification,vit_large_patch32_224_classification.h5,vit_large_patch32_224_classification,True,False,available_unneeded,,,,,,,,,,,,,,,,
,vit_large_patch32_224_in21k_classification,vit_large_patch32_224_in21k_classification.h5,vit_large_patch32_224_in21k_classification,True,False,available_unneeded,,,,,,,,,,,,,,,,
,volo_d1_224_classification,volo_d1_224_classification.h5,volo_d1_224_classification,True,False,available_unneeded,,,,,,,,,,,,,,,,
,volo_d3_224_classification,volo_d3_224_classification.h5,volo_d3_224_classification,True,False,available_unneeded,,,,,,,,,,,,,,,,
,volo_d5_224_classification,volo_d5_224_classification.h5,volo_d5_224_classification,True,False,available_unneeded,,,,,,,,,,,,,,,,
,wide_resnet101_2_classification,wide_resnet101_2_classification.h5,wide_resnet101_2_classification,True,False,available_unneeded,,,,,,,,,,,,,,,,
,wide_resnet50_2_classification,wide_resnet50_2_classification.h5,wide_resnet50_2_classification,True,False,available_unneeded,,,,,,,,,,,,,,,,
,xception65_classification,xception65_classification.h5,xception65_classification,True,False,available_unneeded,,,,,,,,,,,,,,,,
,xcit_medium_24_p16_224_classification,xcit_medium_24_p16_224_classification.h5,xcit_medium_24_p16_224_classification,True,False,available_unneeded,,,,,,,,,,,,,,,,
,xcit_medium_24_p8_224_classification,xcit_medium_24_p8_224_classification.h5,xcit_medium_24_p8_224_classification,True,False,available_unneeded,,,,,,,,,,,,,,,,
,xcit_small_12_p16_224_classification,xcit_small_12_p16_224_classification.h5,xcit_small_12_p16_224_classification,True,False,available_unneeded,,,,,,,,,,,,,,,,
,xcit_small_12_p8_224_classification,xcit_small_12_p8_224_classification.h5,xcit_small_12_p8_224_classification,True,False,available_unneeded,,,,,,,,,,,,,,,,
,yolov5m_yolo,yolov5m_yolo.h5,yolov5m_yolo,True,False,available_unneeded,,,,,,,,,,,,,,,,
,yolov5x_yolo,yolov5x_yolo.h5,yolov5x_yolo,True,False,available_unneeded,,,,,,,,,,,,,,,,
