feature_stem,deepnsd_model_string,feature_file,h5_exists,metric,nsd_consensus_layer,present_in_current_sampled_laion_h5,n_current_sampled_layers,subject_votes_for_consensus,n_subjects
alexnet_classification,alexnet_classification,alexnet_classification.h5,True,crsa,Linear-1,True,9,2,4
alexnet_classification,alexnet_classification,alexnet_classification.h5,True,srpr,Linear-3,True,9,2,4
alexnet_classification,alexnet_classification,alexnet_classification.h5,True,wrsa,Linear-3,True,9,2,4
vgg16_classification,vgg16_classification,vgg16_classification.h5,True,crsa,MaxPool2d-5,True,18,2,4
vgg16_classification,vgg16_classification,vgg16_classification.h5,True,srpr,Linear-1,True,18,2,4
vgg16_classification,vgg16_classification,vgg16_classification.h5,True,wrsa,Linear-1,True,18,4,4
resnet18_classification,resnet18_classification,resnet18_classification.h5,True,crsa,AdaptiveAvgPool2d-1,False,11,2,4
resnet18_classification,resnet18_classification,resnet18_classification.h5,True,srpr,Conv2d-19,False,11,2,4
resnet18_classification,resnet18_classification,resnet18_classification.h5,True,wrsa,Conv2d-19,False,11,4,4
resnet50_classification,resnet50_classification,resnet50_classification.h5,True,crsa,BatchNorm2d-49,True,13,4,4
resnet50_classification,resnet50_classification,resnet50_classification.h5,True,srpr,Conv2d-49,False,13,4,4
resnet50_classification,resnet50_classification,resnet50_classification.h5,True,wrsa,Conv2d-49,False,13,3,4
resnet101_classification,resnet101_classification,resnet101_classification.h5,True,crsa,BatchNorm2d-100,False,12,1,4
resnet101_classification,resnet101_classification,resnet101_classification.h5,True,srpr,Conv2d-93,False,12,3,4
resnet101_classification,resnet101_classification,resnet101_classification.h5,True,wrsa,Conv2d-93,False,12,4,4
resnet152_classification,resnet152_classification,resnet152_classification.h5,True,crsa,BatchNorm2d-114,False,12,3,4
resnet152_classification,resnet152_classification,resnet152_classification.h5,True,srpr,Conv2d-151,False,12,1,4
resnet152_classification,resnet152_classification,resnet152_classification.h5,True,wrsa,BatchNorm2d-151,False,12,1,4
squeezenet1_0_classification,squeezenet1_0_classification,squeezenet1_0_classification.h5,True,crsa,Conv2d-23,False,12,3,4
squeezenet1_0_classification,squeezenet1_0_classification,squeezenet1_0_classification.h5,True,srpr,AdaptiveAvgPool2d-1,True,12,2,4
squeezenet1_0_classification,squeezenet1_0_classification,squeezenet1_0_classification.h5,True,wrsa,AdaptiveAvgPool2d-1,True,12,4,4
densenet121_classification,densenet121_classification,densenet121_classification.h5,True,crsa,BatchNorm2d-101,False,12,2,4
densenet121_classification,densenet121_classification,densenet121_classification.h5,True,srpr,_DenseBlock-4,False,12,4,4
densenet121_classification,densenet121_classification,densenet121_classification.h5,True,wrsa,_DenseBlock-4,False,12,2,4
googlenet_classification,googlenet_classification,googlenet_classification.h5,True,crsa,MaxPool2d-13,False,12,4,4
googlenet_classification,googlenet_classification,googlenet_classification.h5,True,srpr,MaxPool2d-13,False,12,3,4
googlenet_classification,googlenet_classification,googlenet_classification.h5,True,wrsa,MaxPool2d-13,False,12,3,4
shufflenet_v2_x1_0_classification,shufflenet_v2_x1_0_classification,shufflenet_v2_x1_0_classification.h5,True,crsa,BatchNorm2d-49,False,12,4,4
shufflenet_v2_x1_0_classification,shufflenet_v2_x1_0_classification,shufflenet_v2_x1_0_classification.h5,True,srpr,BatchNorm2d-54,False,12,2,4
shufflenet_v2_x1_0_classification,shufflenet_v2_x1_0_classification,shufflenet_v2_x1_0_classification.h5,True,wrsa,Conv2d-55,False,12,1,4
mobilenet_v2_classification,mobilenet_v2_classification,mobilenet_v2_classification.h5,True,crsa,BatchNorm2d-50,False,12,4,4
mobilenet_v2_classification,mobilenet_v2_classification,mobilenet_v2_classification.h5,True,srpr,BatchNorm2d-50,False,12,4,4
mobilenet_v2_classification,mobilenet_v2_classification,mobilenet_v2_classification.h5,True,wrsa,BatchNorm2d-50,False,12,2,4
mnasnet1_0_classification,mnasnet1_0_classification,mnasnet1_0_classification.h5,True,crsa,BatchNorm2d-47,False,12,3,4
mnasnet1_0_classification,mnasnet1_0_classification,mnasnet1_0_classification.h5,True,srpr,Conv2d-44,False,12,2,4
mnasnet1_0_classification,mnasnet1_0_classification,mnasnet1_0_classification.h5,True,wrsa,Conv2d-47,False,12,2,4
coat_lite_tiny_classification,coat_lite_tiny_classification,coat_lite_tiny_classification.h5,True,crsa,LayerNorm-18,False,11,4,4
coat_lite_tiny_classification,coat_lite_tiny_classification,coat_lite_tiny_classification.h5,True,srpr,ConvPosEnc-19,False,11,3,4
coat_lite_tiny_classification,coat_lite_tiny_classification,coat_lite_tiny_classification.h5,True,wrsa,LayerNorm-18,False,11,2,4
convnext_base_classification,convnext_base_classification,convnext_base_classification.h5,True,crsa,Conv2d-22,False,12,4,4
convnext_base_classification,convnext_base_classification,convnext_base_classification.h5,True,srpr,Conv2d-22,False,12,3,4
convnext_base_classification,convnext_base_classification,convnext_base_classification.h5,True,wrsa,Conv2d-27,False,12,4,4
convnext_large_classification,convnext_large_classification,convnext_large_classification.h5,True,crsa,Conv2d-24,False,12,4,4
convnext_large_classification,convnext_large_classification,convnext_large_classification.h5,True,srpr,Conv2d-25,False,12,3,4
convnext_large_classification,convnext_large_classification,convnext_large_classification.h5,True,wrsa,Conv2d-25,False,12,3,4
crossvit_base_240_classification,crossvit_base_240_classification,crossvit_base_240_classification.h5,True,crsa,GELU-16,False,12,2,4
crossvit_base_240_classification,crossvit_base_240_classification,crossvit_base_240_classification.h5,True,srpr,LayerNorm-28,True,12,3,4
crossvit_base_240_classification,crossvit_base_240_classification,crossvit_base_240_classification.h5,True,wrsa,LayerNorm-28,True,12,4,4
deit_base_patch16_224_classification,deit_base_patch16_224_classification,deit_base_patch16_224_classification.h5,True,crsa,Linear-30,True,11,3,4
deit_base_patch16_224_classification,deit_base_patch16_224_classification,deit_base_patch16_224_classification.h5,True,srpr,LayerNorm-18,False,11,2,4
deit_base_patch16_224_classification,deit_base_patch16_224_classification,deit_base_patch16_224_classification.h5,True,wrsa,Linear-37,True,11,2,4
cspresnet50_classification,cspresnet50_classification,cspresnet50_classification.h5,True,crsa,Conv2d-49,False,12,4,4
cspresnet50_classification,cspresnet50_classification,cspresnet50_classification.h5,True,srpr,Conv2d-49,False,12,3,4
cspresnet50_classification,cspresnet50_classification,cspresnet50_classification.h5,True,wrsa,Conv2d-49,False,12,4,4
dla34_classification,dla34_classification,dla34_classification.h5,True,crsa,BatchNorm2d-35,False,13,4,4
dla34_classification,dla34_classification,dla34_classification.h5,True,srpr,Conv2d-35,False,13,3,4
dla34_classification,dla34_classification,dla34_classification.h5,True,wrsa,Conv2d-34,False,13,3,4
eca_nfnet_l0_classification,eca_nfnet_l0_classification,eca_nfnet_l0_classification.h5,True,crsa,Sigmoid-10,False,11,3,4
eca_nfnet_l0_classification,eca_nfnet_l0_classification,eca_nfnet_l0_classification.h5,True,srpr,ScaledStdConv2d-47,False,11,2,4
eca_nfnet_l0_classification,eca_nfnet_l0_classification,eca_nfnet_l0_classification.h5,True,wrsa,Conv1d-7,False,11,1,4
efficientnet_b1_classification,efficientnet_b1_classification,efficientnet_b1_classification.h5,True,crsa,SiLU-47,False,12,4,4
efficientnet_b1_classification,efficientnet_b1_classification,efficientnet_b1_classification.h5,True,srpr,Identity-100,False,12,2,4
efficientnet_b1_classification,efficientnet_b1_classification,efficientnet_b1_classification.h5,True,wrsa,SiLU-58,False,12,3,4
efficientnet_b3_classification,efficientnet_b3_classification,efficientnet_b3_classification.h5,True,crsa,SiLU-68,False,11,4,4
efficientnet_b3_classification,efficientnet_b3_classification,efficientnet_b3_classification.h5,True,srpr,Identity-110,False,11,2,4
efficientnet_b3_classification,efficientnet_b3_classification,efficientnet_b3_classification.h5,True,wrsa,Identity-105,False,11,2,4
ghostnet_100_classification,ghostnet_100_classification,ghostnet_100_classification.h5,True,crsa,ReLU-30,False,11,3,4
ghostnet_100_classification,ghostnet_100_classification,ghostnet_100_classification.h5,True,srpr,Hardsigmoid-6,False,11,2,4
ghostnet_100_classification,ghostnet_100_classification,ghostnet_100_classification.h5,True,wrsa,Conv2d-89,False,11,2,4
gmixer_24_224_classification,gmixer_24_224_classification,gmixer_24_224_classification.h5,True,crsa,Linear-75,False,11,4,4
gmixer_24_224_classification,gmixer_24_224_classification,gmixer_24_224_classification.h5,True,srpr,SiLU-38,False,11,2,4
gmixer_24_224_classification,gmixer_24_224_classification,gmixer_24_224_classification.h5,True,wrsa,SiLU-43,False,11,1,4
gmlp_s16_224_classification,gmlp_s16_224_classification,gmlp_s16_224_classification.h5,True,crsa,LayerNorm-50,False,12,4,4
gmlp_s16_224_classification,gmlp_s16_224_classification,gmlp_s16_224_classification.h5,True,srpr,GELU-23,False,12,3,4
gmlp_s16_224_classification,gmlp_s16_224_classification,gmlp_s16_224_classification.h5,True,wrsa,Linear-65,False,12,2,4
hardcorenas_a_classification,hardcorenas_a_classification,hardcorenas_a_classification.h5,True,crsa,Conv2d-47,True,12,3,4
hardcorenas_a_classification,hardcorenas_a_classification,hardcorenas_a_classification.h5,True,srpr,Identity-49,False,12,2,4
hardcorenas_a_classification,hardcorenas_a_classification,hardcorenas_a_classification.h5,True,wrsa,Hardswish-13,False,12,2,4
hardcorenas_f_classification,hardcorenas_f_classification,hardcorenas_f_classification.h5,True,crsa,ReLU-21,True,11,4,4
hardcorenas_f_classification,hardcorenas_f_classification,hardcorenas_f_classification.h5,True,srpr,Hardsigmoid-14,False,11,2,4
hardcorenas_f_classification,hardcorenas_f_classification,hardcorenas_f_classification.h5,True,wrsa,SqueezeExcite-14,False,11,2,4
jx_nest_tiny_classification,jx_nest_tiny_classification,jx_nest_tiny_classification.h5,True,crsa,LayerNorm-20,False,12,2,4
jx_nest_tiny_classification,jx_nest_tiny_classification,jx_nest_tiny_classification.h5,True,srpr,Linear-35,False,12,2,4
jx_nest_tiny_classification,jx_nest_tiny_classification,jx_nest_tiny_classification.h5,True,wrsa,LayerNorm-20,False,12,3,4
levit_128_classification,levit_128_classification,levit_128_classification.h5,True,crsa,Linear-43,False,12,4,4
levit_128_classification,levit_128_classification,levit_128_classification.h5,True,srpr,Linear-43,False,12,4,4
levit_128_classification,levit_128_classification,levit_128_classification.h5,True,wrsa,Linear-43,False,12,3,4
inception_v3_classification,inception_v3_classification,inception_v3_classification.h5,True,crsa,BatchNorm2d-82,False,12,4,4
inception_v3_classification,inception_v3_classification,inception_v3_classification.h5,True,srpr,InceptionD-1,False,12,3,4
inception_v3_classification,inception_v3_classification,inception_v3_classification.h5,True,wrsa,Conv2d-161,False,12,2,4
mobilenetv3_large_100_classification,mobilenetv3_large_100_classification,mobilenetv3_large_100_classification.h5,True,crsa,ReLU-17,False,12,2,4
mobilenetv3_large_100_classification,mobilenetv3_large_100_classification,mobilenetv3_large_100_classification.h5,True,srpr,Identity-74,False,12,2,4
mobilenetv3_large_100_classification,mobilenetv3_large_100_classification,mobilenetv3_large_100_classification.h5,True,wrsa,AdaptiveAvgPool2d-1,False,12,2,4
nf_resnet50_classification,nf_resnet50_classification,nf_resnet50_classification.h5,True,crsa,ScaledStdConv2d-48,False,12,4,4
nf_resnet50_classification,nf_resnet50_classification,nf_resnet50_classification.h5,True,srpr,ScaledStdConv2d-49,True,12,4,4
nf_resnet50_classification,nf_resnet50_classification,nf_resnet50_classification.h5,True,wrsa,ScaledStdConv2d-49,True,12,3,4
nfnet_l0_classification,nfnet_l0_classification,nfnet_l0_classification.h5,True,crsa,Conv2d-61,False,12,4,4
nfnet_l0_classification,nfnet_l0_classification,nfnet_l0_classification.h5,True,srpr,AvgPool2d-3,False,12,2,4
nfnet_l0_classification,nfnet_l0_classification,nfnet_l0_classification.h5,True,wrsa,AvgPool2d-3,False,12,2,4
pit_b_224_classification,pit_b_224_classification,pit_b_224_classification.h5,True,crsa,LayerNorm-20,False,13,3,4
pit_b_224_classification,pit_b_224_classification,pit_b_224_classification.h5,True,srpr,Linear-39,False,13,4,4
pit_b_224_classification,pit_b_224_classification,pit_b_224_classification.h5,True,wrsa,Conv2d-3,False,13,3,4
pit_ti_224_classification,pit_ti_224_classification,pit_ti_224_classification.h5,True,crsa,Linear-36,False,12,4,4
pit_ti_224_classification,pit_ti_224_classification,pit_ti_224_classification.h5,True,srpr,Linear-39,False,12,2,4
pit_ti_224_classification,pit_ti_224_classification,pit_ti_224_classification.h5,True,wrsa,Linear-43,False,12,2,4
poolformer_s36_classification,poolformer_s36_classification,poolformer_s36_classification.h5,True,crsa,GroupNorm1-62,False,12,4,4
poolformer_s36_classification,poolformer_s36_classification,poolformer_s36_classification.h5,True,srpr,AvgPool2d-30,False,12,2,4
poolformer_s36_classification,poolformer_s36_classification,poolformer_s36_classification.h5,True,wrsa,AvgPool2d-31,False,12,1,4
regnetx_064_classification,regnetx_064_classification,regnetx_064_classification.h5,True,crsa,Identity-82,False,12,4,4
regnetx_064_classification,regnetx_064_classification,regnetx_064_classification.h5,True,srpr,Conv2d-50,True,12,2,4
regnetx_064_classification,regnetx_064_classification,regnetx_064_classification.h5,True,wrsa,Conv2d-48,False,12,4,4
regnety_064_classification,regnety_064_classification,regnety_064_classification.h5,True,crsa,ReLU-67,True,11,4,4
regnety_064_classification,regnety_064_classification,regnety_064_classification.h5,True,srpr,Conv2d-86,False,11,2,4
regnety_064_classification,regnety_064_classification,regnety_064_classification.h5,True,wrsa,Conv2d-96,False,11,2,4
semnasnet_100_classification,semnasnet_100_classification,semnasnet_100_classification.h5,True,crsa,ReLU-35,False,12,4,4
semnasnet_100_classification,semnasnet_100_classification,semnasnet_100_classification.h5,True,srpr,Conv2d-58,False,12,2,4
semnasnet_100_classification,semnasnet_100_classification,semnasnet_100_classification.h5,True,wrsa,SqueezeExcite-8,False,12,2,4
seresnext50_32x4d_classification,seresnext50_32x4d_classification,seresnext50_32x4d_classification.h5,True,crsa,ReLU-52,False,12,4,4
seresnext50_32x4d_classification,seresnext50_32x4d_classification,seresnext50_32x4d_classification.h5,True,srpr,Conv2d-77,False,12,2,4
seresnext50_32x4d_classification,seresnext50_32x4d_classification,seresnext50_32x4d_classification.h5,True,wrsa,Sigmoid-13,False,12,2,4
skresnext50_32x4d_classification,skresnext50_32x4d_classification,skresnext50_32x4d_classification.h5,True,crsa,ReLU-74,False,12,2,4
skresnext50_32x4d_classification,skresnext50_32x4d_classification,skresnext50_32x4d_classification.h5,True,srpr,Identity-102,False,12,1,4
skresnext50_32x4d_classification,skresnext50_32x4d_classification,skresnext50_32x4d_classification.h5,True,wrsa,ReLU-58,False,12,2,4
swin_base_patch4_window7_224_classification,swin_base_patch4_window7_224_classification,swin_base_patch4_window7_224_classification.h5,True,crsa,DropPath-27,False,11,2,4
swin_base_patch4_window7_224_classification,swin_base_patch4_window7_224_classification,swin_base_patch4_window7_224_classification.h5,True,srpr,Linear-69,False,11,3,4
swin_base_patch4_window7_224_classification,swin_base_patch4_window7_224_classification,swin_base_patch4_window7_224_classification.h5,True,wrsa,Linear-92,False,11,2,4
swin_large_patch4_window7_224_classification,swin_large_patch4_window7_224_classification,swin_large_patch4_window7_224_classification.h5,True,crsa,Linear-61,False,11,2,4
swin_large_patch4_window7_224_classification,swin_large_patch4_window7_224_classification,swin_large_patch4_window7_224_classification.h5,True,srpr,Linear-65,False,11,3,4
swin_large_patch4_window7_224_classification,swin_large_patch4_window7_224_classification,swin_large_patch4_window7_224_classification.h5,True,wrsa,Linear-92,False,11,4,4
swin_tiny_patch4_window7_224_classification,swin_tiny_patch4_window7_224_classification,swin_tiny_patch4_window7_224_classification.h5,True,crsa,LayerNorm-26,False,11,4,4
swin_tiny_patch4_window7_224_classification,swin_tiny_patch4_window7_224_classification,swin_tiny_patch4_window7_224_classification.h5,True,srpr,LayerNorm-25,False,11,2,4
swin_tiny_patch4_window7_224_classification,swin_tiny_patch4_window7_224_classification,swin_tiny_patch4_window7_224_classification.h5,True,wrsa,Linear-44,True,11,2,4
tnt_s_patch16_224_classification,tnt_s_patch16_224_classification,tnt_s_patch16_224_classification.h5,True,crsa,LayerNorm-37,False,12,4,4
tnt_s_patch16_224_classification,tnt_s_patch16_224_classification,tnt_s_patch16_224_classification.h5,True,srpr,Linear-107,False,12,3,4
tnt_s_patch16_224_classification,tnt_s_patch16_224_classification,tnt_s_patch16_224_classification.h5,True,wrsa,Linear-107,False,12,2,4
visformer_small_classification,visformer_small_classification,visformer_small_classification.h5,True,crsa,Conv2d-38,False,12,4,4
visformer_small_classification,visformer_small_classification,visformer_small_classification.h5,True,srpr,BatchNorm2d-21,False,12,2,4
visformer_small_classification,visformer_small_classification,visformer_small_classification.h5,True,wrsa,BatchNorm2d-21,False,12,2,4
vit_large_patch16_224_classification,vit_large_patch16_224_classification,vit_large_patch16_224_classification.h5,True,crsa,Identity-98,False,12,3,4
vit_large_patch16_224_classification,vit_large_patch16_224_classification,vit_large_patch16_224_classification.h5,True,srpr,Linear-55,False,12,2,4
vit_large_patch16_224_classification,vit_large_patch16_224_classification,vit_large_patch16_224_classification.h5,True,wrsa,Linear-55,False,12,2,4
vit_small_patch16_224_classification,vit_small_patch16_224_classification,vit_small_patch16_224_classification.h5,True,crsa,Identity-50,False,11,3,4
vit_small_patch16_224_classification,vit_small_patch16_224_classification,vit_small_patch16_224_classification.h5,True,srpr,Linear-34,False,11,2,4
vit_small_patch16_224_classification,vit_small_patch16_224_classification,vit_small_patch16_224_classification.h5,True,wrsa,Identity-50,False,11,2,4
vit_tiny_patch16_224_classification,vit_tiny_patch16_224_classification,vit_tiny_patch16_224_classification.h5,True,crsa,Identity-50,False,11,4,4
vit_tiny_patch16_224_classification,vit_tiny_patch16_224_classification,vit_tiny_patch16_224_classification.h5,True,srpr,Linear-35,True,11,3,4
vit_tiny_patch16_224_classification,vit_tiny_patch16_224_classification,vit_tiny_patch16_224_classification.h5,True,wrsa,Identity-50,False,11,3,4
vit_base_patch16_224_classification,vit_base_patch16_224_classification,vit_base_patch16_224_classification.h5,True,crsa,LayerNorm-25,False,11,4,4
vit_base_patch16_224_classification,vit_base_patch16_224_classification,vit_base_patch16_224_classification.h5,True,srpr,LayerNorm-25,False,11,2,4
vit_base_patch16_224_classification,vit_base_patch16_224_classification,vit_base_patch16_224_classification.h5,True,wrsa,Identity-50,False,11,3,4
vit_base_patch32_224_classification,vit_base_patch32_224_classification,vit_base_patch32_224_classification.h5,True,crsa,LayerNorm-25,False,11,4,4
vit_base_patch32_224_classification,vit_base_patch32_224_classification,vit_base_patch32_224_classification.h5,True,srpr,LayerNorm-24,False,11,1,4
vit_base_patch32_224_classification,vit_base_patch32_224_classification,vit_base_patch32_224_classification.h5,True,wrsa,Linear-39,False,11,3,4
vit_small_patch32_224_classification,vit_small_patch32_224_classification,vit_small_patch32_224_classification.h5,True,crsa,LayerNorm-20,False,11,3,4
vit_small_patch32_224_classification,vit_small_patch32_224_classification,vit_small_patch32_224_classification.h5,True,srpr,LayerNorm-20,False,11,3,4
vit_small_patch32_224_classification,vit_small_patch32_224_classification,vit_small_patch32_224_classification.h5,True,wrsa,Linear-39,False,11,2,4
xception_classification,xception_classification,xception_classification.h5,True,crsa,BatchNorm2d-33,False,12,4,4
xception_classification,xception_classification,xception_classification.h5,True,srpr,Conv2d-79,False,12,2,4
xception_classification,xception_classification,xception_classification.h5,True,wrsa,Conv2d-87,False,12,1,4
xcit_nano_12_p8_224_classification,xcit_nano_12_p8_224_classification,xcit_nano_12_p8_224_classification.h5,True,crsa,Dropout-42,False,11,2,4
xcit_nano_12_p8_224_classification,xcit_nano_12_p8_224_classification,xcit_nano_12_p8_224_classification.h5,True,srpr,Dropout-34,False,11,2,4
xcit_nano_12_p8_224_classification,xcit_nano_12_p8_224_classification,xcit_nano_12_p8_224_classification.h5,True,wrsa,Dropout-42,False,11,3,4
xcit_nano_12_p16_224_classification,xcit_nano_12_p16_224_classification,xcit_nano_12_p16_224_classification.h5,True,crsa,Dropout-38,False,12,4,4
xcit_nano_12_p16_224_classification,xcit_nano_12_p16_224_classification,xcit_nano_12_p16_224_classification.h5,True,srpr,Dropout-38,False,12,2,4
xcit_nano_12_p16_224_classification,xcit_nano_12_p16_224_classification,xcit_nano_12_p16_224_classification.h5,True,wrsa,Dropout-38,False,12,4,4
autoencoding_taskonomy,autoencoding_taskonomy,autoencoding_taskonomy.h5,True,crsa,BatchNorm2d-28,False,11,2,4
autoencoding_taskonomy,autoencoding_taskonomy,autoencoding_taskonomy.h5,True,srpr,BatchNorm2d-28,False,11,3,4
autoencoding_taskonomy,autoencoding_taskonomy,autoencoding_taskonomy.h5,True,wrsa,ReLU-41,False,11,4,4
class_object_taskonomy,class_object_taskonomy,class_object_taskonomy.h5,True,crsa,BatchNorm2d-46,False,11,4,4
class_object_taskonomy,class_object_taskonomy,class_object_taskonomy.h5,True,srpr,Conv2d-45,False,11,2,4
class_object_taskonomy,class_object_taskonomy,class_object_taskonomy.h5,True,wrsa,ReLU-42,False,11,3,4
class_scene_taskonomy,class_scene_taskonomy,class_scene_taskonomy.h5,True,crsa,Conv2d-28,True,11,4,4
class_scene_taskonomy,class_scene_taskonomy,class_scene_taskonomy.h5,True,srpr,Conv2d-45,False,11,3,4
class_scene_taskonomy,class_scene_taskonomy,class_scene_taskonomy.h5,True,wrsa,BatchNorm2d-46,False,11,1,4
curvature_taskonomy,curvature_taskonomy,curvature_taskonomy.h5,True,crsa,BatchNorm2d-44,False,11,2,4
curvature_taskonomy,curvature_taskonomy,curvature_taskonomy.h5,True,srpr,Conv2d-28,True,11,2,4
curvature_taskonomy,curvature_taskonomy,curvature_taskonomy.h5,True,wrsa,ReLU-43,False,11,2,4
denoising_taskonomy,denoising_taskonomy,denoising_taskonomy.h5,True,crsa,BatchNorm2d-28,False,11,4,4
denoising_taskonomy,denoising_taskonomy,denoising_taskonomy.h5,True,srpr,ReLU-44,False,11,3,4
denoising_taskonomy,denoising_taskonomy,denoising_taskonomy.h5,True,wrsa,ReLU-44,False,11,4,4
depth_euclidean_taskonomy,depth_euclidean_taskonomy,depth_euclidean_taskonomy.h5,True,crsa,Conv2d-38,False,11,4,4
depth_euclidean_taskonomy,depth_euclidean_taskonomy,depth_euclidean_taskonomy.h5,True,srpr,BatchNorm2d-44,False,11,2,4
depth_euclidean_taskonomy,depth_euclidean_taskonomy,depth_euclidean_taskonomy.h5,True,wrsa,BatchNorm2d-44,False,11,3,4
depth_zbuffer_taskonomy,depth_zbuffer_taskonomy,depth_zbuffer_taskonomy.h5,True,crsa,Conv2d-29,False,11,3,4
depth_zbuffer_taskonomy,depth_zbuffer_taskonomy,depth_zbuffer_taskonomy.h5,True,srpr,BatchNorm2d-41,True,11,3,4
depth_zbuffer_taskonomy,depth_zbuffer_taskonomy,depth_zbuffer_taskonomy.h5,True,wrsa,ReLU-43,False,11,2,4
edge_occlusion_taskonomy,edge_occlusion_taskonomy,edge_occlusion_taskonomy.h5,True,crsa,Conv2d-42,False,11,3,4
edge_occlusion_taskonomy,edge_occlusion_taskonomy,edge_occlusion_taskonomy.h5,True,srpr,Conv2d-41,False,11,1,4
edge_occlusion_taskonomy,edge_occlusion_taskonomy,edge_occlusion_taskonomy.h5,True,wrsa,BatchNorm2d-44,False,11,2,4
edge_texture_taskonomy,edge_texture_taskonomy,edge_texture_taskonomy.h5,True,crsa,ReLU-41,False,11,3,4
edge_texture_taskonomy,edge_texture_taskonomy,edge_texture_taskonomy.h5,True,srpr,BatchNorm2d-39,False,11,2,4
edge_texture_taskonomy,edge_texture_taskonomy,edge_texture_taskonomy.h5,True,wrsa,BatchNorm2d-45,False,11,3,4
egomotion_taskonomy,egomotion_taskonomy,egomotion_taskonomy.h5,True,crsa,ReLU-27,True,11,2,4
egomotion_taskonomy,egomotion_taskonomy,egomotion_taskonomy.h5,True,srpr,Conv2d-44,True,11,2,4
egomotion_taskonomy,egomotion_taskonomy,egomotion_taskonomy.h5,True,wrsa,Conv2d-44,True,11,2,4
fixated_pose_taskonomy,fixated_pose_taskonomy,fixated_pose_taskonomy.h5,True,crsa,BatchNorm2d-30,False,11,4,4
fixated_pose_taskonomy,fixated_pose_taskonomy,fixated_pose_taskonomy.h5,True,srpr,Conv2d-29,False,11,2,4
fixated_pose_taskonomy,fixated_pose_taskonomy,fixated_pose_taskonomy.h5,True,wrsa,BatchNorm2d-29,False,11,3,4
inpainting_taskonomy,inpainting_taskonomy,inpainting_taskonomy.h5,True,crsa,BatchNorm2d-39,False,11,4,4
inpainting_taskonomy,inpainting_taskonomy,inpainting_taskonomy.h5,True,srpr,Conv2d-45,False,11,3,4
inpainting_taskonomy,inpainting_taskonomy,inpainting_taskonomy.h5,True,wrsa,Conv2d-45,False,11,1,4
jigsaw_taskonomy,jigsaw_taskonomy,jigsaw_taskonomy.h5,True,crsa,BatchNorm2d-45,False,11,3,4
jigsaw_taskonomy,jigsaw_taskonomy,jigsaw_taskonomy.h5,True,srpr,Conv2d-45,False,11,4,4
jigsaw_taskonomy,jigsaw_taskonomy,jigsaw_taskonomy.h5,True,wrsa,ReLU-40,False,11,1,4
keypoints2d_taskonomy,keypoints2d_taskonomy,keypoints2d_taskonomy.h5,True,crsa,BatchNorm2d-32,False,11,3,4
keypoints2d_taskonomy,keypoints2d_taskonomy,keypoints2d_taskonomy.h5,True,srpr,ReLU-38,False,11,1,4
keypoints2d_taskonomy,keypoints2d_taskonomy,keypoints2d_taskonomy.h5,True,wrsa,BatchNorm2d-45,False,11,4,4
keypoints3d_taskonomy,keypoints3d_taskonomy,keypoints3d_taskonomy.h5,True,crsa,Conv2d-36,True,11,4,4
keypoints3d_taskonomy,keypoints3d_taskonomy,keypoints3d_taskonomy.h5,True,srpr,Conv2d-38,False,11,1,4
keypoints3d_taskonomy,keypoints3d_taskonomy,keypoints3d_taskonomy.h5,True,wrsa,ReLU-37,False,11,2,4
nonfixated_pose_taskonomy,nonfixated_pose_taskonomy,nonfixated_pose_taskonomy.h5,True,crsa,ReLU-37,False,11,3,4
nonfixated_pose_taskonomy,nonfixated_pose_taskonomy,nonfixated_pose_taskonomy.h5,True,srpr,ReLU-26,False,11,3,4
nonfixated_pose_taskonomy,nonfixated_pose_taskonomy,nonfixated_pose_taskonomy.h5,True,wrsa,BatchNorm2d-47,False,11,3,4
normal_taskonomy,normal_taskonomy,normal_taskonomy.h5,True,crsa,Conv2d-36,True,11,4,4
normal_taskonomy,normal_taskonomy,normal_taskonomy.h5,True,srpr,BatchNorm2d-36,False,11,3,4
normal_taskonomy,normal_taskonomy,normal_taskonomy.h5,True,wrsa,BatchNorm2d-44,False,11,1,4
point_matching_taskonomy,point_matching_taskonomy,point_matching_taskonomy.h5,True,crsa,BatchNorm2d-30,False,11,2,4
point_matching_taskonomy,point_matching_taskonomy,point_matching_taskonomy.h5,True,srpr,ReLU-31,False,11,4,4
point_matching_taskonomy,point_matching_taskonomy,point_matching_taskonomy.h5,True,wrsa,ReLU-31,False,11,3,4
reshading_taskonomy,reshading_taskonomy,reshading_taskonomy.h5,True,crsa,Conv2d-30,False,11,4,4
reshading_taskonomy,reshading_taskonomy,reshading_taskonomy.h5,True,srpr,BatchNorm2d-45,False,11,3,4
reshading_taskonomy,reshading_taskonomy,reshading_taskonomy.h5,True,wrsa,BatchNorm2d-38,False,11,1,4
room_layout_taskonomy,room_layout_taskonomy,room_layout_taskonomy.h5,True,crsa,BatchNorm2d-28,False,11,3,4
room_layout_taskonomy,room_layout_taskonomy,room_layout_taskonomy.h5,True,srpr,Conv2d-45,False,11,3,4
room_layout_taskonomy,room_layout_taskonomy,room_layout_taskonomy.h5,True,wrsa,BatchNorm2d-44,False,11,3,4
segment_semantic_taskonomy,segment_semantic_taskonomy,segment_semantic_taskonomy.h5,True,crsa,Conv2d-42,False,11,4,4
segment_semantic_taskonomy,segment_semantic_taskonomy,segment_semantic_taskonomy.h5,True,srpr,BatchNorm2d-45,False,11,2,4
segment_semantic_taskonomy,segment_semantic_taskonomy,segment_semantic_taskonomy.h5,True,wrsa,BatchNorm2d-44,False,11,2,4
segment_unsup25d_taskonomy,segment_unsup25d_taskonomy,segment_unsup25d_taskonomy.h5,True,crsa,Conv2d-39,False,11,4,4
segment_unsup25d_taskonomy,segment_unsup25d_taskonomy,segment_unsup25d_taskonomy.h5,True,srpr,BatchNorm2d-38,False,11,1,4
segment_unsup25d_taskonomy,segment_unsup25d_taskonomy,segment_unsup25d_taskonomy.h5,True,wrsa,BatchNorm2d-38,False,11,2,4
segment_unsup2d_taskonomy,segment_unsup2d_taskonomy,segment_unsup2d_taskonomy.h5,True,crsa,BatchNorm2d-33,True,11,4,4
segment_unsup2d_taskonomy,segment_unsup2d_taskonomy,segment_unsup2d_taskonomy.h5,True,srpr,ReLU-31,False,11,1,4
segment_unsup2d_taskonomy,segment_unsup2d_taskonomy,segment_unsup2d_taskonomy.h5,True,wrsa,BatchNorm2d-44,False,11,3,4
vanishing_point_taskonomy,vanishing_point_taskonomy,vanishing_point_taskonomy.h5,True,crsa,ReLU-28,False,11,3,4
vanishing_point_taskonomy,vanishing_point_taskonomy,vanishing_point_taskonomy.h5,True,srpr,ReLU-25,False,11,3,4
vanishing_point_taskonomy,vanishing_point_taskonomy,vanishing_point_taskonomy.h5,True,wrsa,ReLU-42,False,11,2,4
random_weights_taskonomy,random_weights_taskonomy,random_weights_taskonomy.h5,True,crsa,ReLU-25,False,11,4,4
random_weights_taskonomy,random_weights_taskonomy,random_weights_taskonomy.h5,True,srpr,ReLU-26,False,11,1,4
random_weights_taskonomy,random_weights_taskonomy,random_weights_taskonomy.h5,True,wrsa,Conv2d-46,False,11,2,4
ResNet50-JigSaw-P100_selfsupervised,ResNet50-JigSaw-P100_selfsupervised,ResNet50-JigSaw-P100_selfsupervised.h5,True,crsa,BatchNorm2d-42,False,13,4,4
ResNet50-JigSaw-P100_selfsupervised,ResNet50-JigSaw-P100_selfsupervised,ResNet50-JigSaw-P100_selfsupervised.h5,True,srpr,BatchNorm2d-42,False,13,4,4
ResNet50-JigSaw-P100_selfsupervised,ResNet50-JigSaw-P100_selfsupervised,ResNet50-JigSaw-P100_selfsupervised.h5,True,wrsa,BatchNorm2d-42,False,13,3,4
ResNet50-JigSaw-Goyal19_selfsupervised,ResNet50-JigSaw-Goyal19_selfsupervised,ResNet50-JigSaw-Goyal19_selfsupervised.h5,True,crsa,BatchNorm2d-39,True,13,4,4
ResNet50-JigSaw-Goyal19_selfsupervised,ResNet50-JigSaw-Goyal19_selfsupervised,ResNet50-JigSaw-Goyal19_selfsupervised.h5,True,srpr,BatchNorm2d-39,True,13,4,4
ResNet50-JigSaw-Goyal19_selfsupervised,ResNet50-JigSaw-Goyal19_selfsupervised,ResNet50-JigSaw-Goyal19_selfsupervised.h5,True,wrsa,BatchNorm2d-40,False,13,3,4
ResNet50-RotNet_selfsupervised,ResNet50-RotNet_selfsupervised,ResNet50-RotNet_selfsupervised.h5,True,crsa,Conv2d-34,False,13,3,4
ResNet50-RotNet_selfsupervised,ResNet50-RotNet_selfsupervised,ResNet50-RotNet_selfsupervised.h5,True,srpr,Conv2d-49,True,13,3,4
ResNet50-RotNet_selfsupervised,ResNet50-RotNet_selfsupervised,ResNet50-RotNet_selfsupervised.h5,True,wrsa,ReLU-45,False,13,3,4
ResNet50-ClusterFit-16K-RotNet_selfsupervised,ResNet50-ClusterFit-16K-RotNet_selfsupervised,ResNet50-ClusterFit-16K-RotNet_selfsupervised.h5,True,crsa,Conv2d-52,False,13,4,4
ResNet50-ClusterFit-16K-RotNet_selfsupervised,ResNet50-ClusterFit-16K-RotNet_selfsupervised,ResNet50-ClusterFit-16K-RotNet_selfsupervised.h5,True,srpr,Conv2d-52,False,13,2,4
ResNet50-ClusterFit-16K-RotNet_selfsupervised,ResNet50-ClusterFit-16K-RotNet_selfsupervised,ResNet50-ClusterFit-16K-RotNet_selfsupervised.h5,True,wrsa,Conv2d-51,False,13,2,4
ResNet50-PIRL_selfsupervised,ResNet50-PIRL_selfsupervised,ResNet50-PIRL_selfsupervised.h5,True,crsa,AdaptiveAvgPool2d-1,True,13,4,4
ResNet50-PIRL_selfsupervised,ResNet50-PIRL_selfsupervised,ResNet50-PIRL_selfsupervised.h5,True,srpr,AdaptiveAvgPool2d-1,True,13,1,4
ResNet50-PIRL_selfsupervised,ResNet50-PIRL_selfsupervised,ResNet50-PIRL_selfsupervised.h5,True,wrsa,AdaptiveAvgPool2d-1,True,13,3,4
ResNet50-SimCLR_selfsupervised,ResNet50-SimCLR_selfsupervised,ResNet50-SimCLR_selfsupervised.h5,True,crsa,Conv2d-49,True,13,2,4
ResNet50-SimCLR_selfsupervised,ResNet50-SimCLR_selfsupervised,ResNet50-SimCLR_selfsupervised.h5,True,srpr,Conv2d-49,True,13,3,4
ResNet50-SimCLR_selfsupervised,ResNet50-SimCLR_selfsupervised,ResNet50-SimCLR_selfsupervised.h5,True,wrsa,AdaptiveAvgPool2d-1,True,13,3,4
ResNet50-DeepClusterV2-2x224+6x96_selfsupervised,ResNet50-DeepClusterV2-2x224+6x96_selfsupervised,ResNet50-DeepClusterV2-2x224+6x96_selfsupervised.h5,True,crsa,BatchNorm2d-48,False,13,3,4
ResNet50-DeepClusterV2-2x224+6x96_selfsupervised,ResNet50-DeepClusterV2-2x224+6x96_selfsupervised,ResNet50-DeepClusterV2-2x224+6x96_selfsupervised.h5,True,srpr,Conv2d-52,False,13,2,4
ResNet50-DeepClusterV2-2x224+6x96_selfsupervised,ResNet50-DeepClusterV2-2x224+6x96_selfsupervised,ResNet50-DeepClusterV2-2x224+6x96_selfsupervised.h5,True,wrsa,Conv2d-49,True,13,4,4
ResNet50-SwAV-BS4096-2x224+6x96_selfsupervised,ResNet50-SwAV-BS4096-2x224+6x96_selfsupervised,ResNet50-SwAV-BS4096-2x224+6x96_selfsupervised.h5,True,crsa,BatchNorm2d-48,False,13,3,4
ResNet50-SwAV-BS4096-2x224+6x96_selfsupervised,ResNet50-SwAV-BS4096-2x224+6x96_selfsupervised,ResNet50-SwAV-BS4096-2x224+6x96_selfsupervised.h5,True,srpr,Conv2d-52,False,13,2,4
ResNet50-SwAV-BS4096-2x224+6x96_selfsupervised,ResNet50-SwAV-BS4096-2x224+6x96_selfsupervised,ResNet50-SwAV-BS4096-2x224+6x96_selfsupervised.h5,True,wrsa,AdaptiveAvgPool2d-1,True,13,2,4
ResNet50-MoCoV2-BS256_selfsupervised,ResNet50-MoCoV2-BS256_selfsupervised,ResNet50-MoCoV2-BS256_selfsupervised.h5,True,crsa,AdaptiveAvgPool2d-1,True,13,4,4
ResNet50-MoCoV2-BS256_selfsupervised,ResNet50-MoCoV2-BS256_selfsupervised,ResNet50-MoCoV2-BS256_selfsupervised.h5,True,srpr,BatchNorm2d-49,False,13,2,4
ResNet50-MoCoV2-BS256_selfsupervised,ResNet50-MoCoV2-BS256_selfsupervised,ResNet50-MoCoV2-BS256_selfsupervised.h5,True,wrsa,AdaptiveAvgPool2d-1,True,13,4,4
ResNet50-BarlowTwins-BS2048_selfsupervised,ResNet50-BarlowTwins-BS2048_selfsupervised,ResNet50-BarlowTwins-BS2048_selfsupervised.h5,True,crsa,Conv2d-49,True,13,4,4
ResNet50-BarlowTwins-BS2048_selfsupervised,ResNet50-BarlowTwins-BS2048_selfsupervised,ResNet50-BarlowTwins-BS2048_selfsupervised.h5,True,srpr,BatchNorm2d-49,False,13,2,4
ResNet50-BarlowTwins-BS2048_selfsupervised,ResNet50-BarlowTwins-BS2048_selfsupervised,ResNet50-BarlowTwins-BS2048_selfsupervised.h5,True,wrsa,Conv2d-52,False,13,3,4
ViT-S-SimCLR_slip,ViT-S-SimCLR_slip,ViT-S-SimCLR_slip.h5,True,crsa,Linear-38,False,13,4,4
ViT-S-SimCLR_slip,ViT-S-SimCLR_slip,ViT-S-SimCLR_slip.h5,True,srpr,Identity-50,False,13,3,4
ViT-S-SimCLR_slip,ViT-S-SimCLR_slip,ViT-S-SimCLR_slip.h5,True,wrsa,Identity-50,False,13,4,4
ViT-S-CLIP_slip,ViT-S-CLIP_slip,ViT-S-CLIP_slip.h5,True,crsa,Linear-31,True,13,2,4
ViT-S-CLIP_slip,ViT-S-CLIP_slip,ViT-S-CLIP_slip.h5,True,srpr,Linear-31,True,13,3,4
ViT-S-CLIP_slip,ViT-S-CLIP_slip,ViT-S-CLIP_slip.h5,True,wrsa,Identity-50,False,13,3,4
ViT-S-SLIP_slip,ViT-S-SLIP_slip,ViT-S-SLIP_slip.h5,True,crsa,Linear-38,False,13,2,4
ViT-S-SLIP_slip,ViT-S-SLIP_slip,ViT-S-SLIP_slip.h5,True,srpr,Identity-50,False,13,3,4
ViT-S-SLIP_slip,ViT-S-SLIP_slip,ViT-S-SLIP_slip.h5,True,wrsa,Identity-50,False,13,4,4
ViT-B-SimCLR_slip,ViT-B-SimCLR_slip,ViT-B-SimCLR_slip.h5,True,crsa,Linear-38,False,13,4,4
ViT-B-SimCLR_slip,ViT-B-SimCLR_slip,ViT-B-SimCLR_slip.h5,True,srpr,Identity-50,False,13,2,4
ViT-B-SimCLR_slip,ViT-B-SimCLR_slip,ViT-B-SimCLR_slip.h5,True,wrsa,Identity-50,False,13,4,4
ViT-B-CLIP_slip,ViT-B-CLIP_slip,ViT-B-CLIP_slip.h5,True,crsa,Linear-26,False,13,4,4
ViT-B-CLIP_slip,ViT-B-CLIP_slip,ViT-B-CLIP_slip.h5,True,srpr,Linear-27,True,13,3,4
ViT-B-CLIP_slip,ViT-B-CLIP_slip,ViT-B-CLIP_slip.h5,True,wrsa,Linear-26,False,13,2,4
ViT-B-SLIP_slip,ViT-B-SLIP_slip,ViT-B-SLIP_slip.h5,True,crsa,Identity-50,False,13,4,4
ViT-B-SLIP_slip,ViT-B-SLIP_slip,ViT-B-SLIP_slip.h5,True,srpr,Identity-50,False,13,2,4
ViT-B-SLIP_slip,ViT-B-SLIP_slip,ViT-B-SLIP_slip.h5,True,wrsa,Identity-50,False,13,3,4
ViT-L-SimCLR_slip,ViT-L-SimCLR_slip,ViT-L-SimCLR_slip.h5,True,crsa,Linear-64,False,12,4,4
ViT-L-SimCLR_slip,ViT-L-SimCLR_slip,ViT-L-SimCLR_slip.h5,True,srpr,Identity-98,False,12,3,4
ViT-L-SimCLR_slip,ViT-L-SimCLR_slip,ViT-L-SimCLR_slip.h5,True,wrsa,Identity-98,False,12,4,4
ViT-L-CLIP_slip,ViT-L-CLIP_slip,ViT-L-CLIP_slip.h5,True,crsa,LayerNorm-42,False,12,4,4
ViT-L-CLIP_slip,ViT-L-CLIP_slip,ViT-L-CLIP_slip.h5,True,srpr,Linear-49,False,12,3,4
ViT-L-CLIP_slip,ViT-L-CLIP_slip,ViT-L-CLIP_slip.h5,True,wrsa,Identity-98,False,12,3,4
ViT-L-SLIP_slip,ViT-L-SLIP_slip,ViT-L-SLIP_slip.h5,True,crsa,Linear-60,False,12,4,4
ViT-L-SLIP_slip,ViT-L-SLIP_slip,ViT-L-SLIP_slip.h5,True,srpr,Block-24,False,12,2,4
ViT-L-SLIP_slip,ViT-L-SLIP_slip,ViT-L-SLIP_slip.h5,True,wrsa,Identity-98,False,12,3,4
mixer_b16_224_classification,mixer_b16_224_classification,mixer_b16_224_classification.h5,True,crsa,Linear-39,False,12,4,4
mixer_b16_224_classification,mixer_b16_224_classification,mixer_b16_224_classification.h5,True,srpr,Linear-35,False,12,2,4
mixer_b16_224_classification,mixer_b16_224_classification,mixer_b16_224_classification.h5,True,wrsa,GELU-21,False,12,2,4
mixer_l16_224_classification,mixer_l16_224_classification,mixer_l16_224_classification.h5,True,crsa,Linear-79,False,11,4,4
mixer_l16_224_classification,mixer_l16_224_classification,mixer_l16_224_classification.h5,True,srpr,Linear-71,False,11,3,4
mixer_l16_224_classification,mixer_l16_224_classification,mixer_l16_224_classification.h5,True,wrsa,Linear-77,False,11,2,4
resmlp_big_24_224_classification,resmlp_big_24_224_classification,resmlp_big_24_224_classification.h5,True,crsa,Identity-36,False,12,2,4
resmlp_big_24_224_classification,resmlp_big_24_224_classification,resmlp_big_24_224_classification.h5,True,srpr,Affine-42,False,12,1,4
resmlp_big_24_224_classification,resmlp_big_24_224_classification,resmlp_big_24_224_classification.h5,True,wrsa,Linear-62,False,12,2,4
convnext_base_in22k_classification,convnext_base_in22k_classification,convnext_base_in22k_classification.h5,True,crsa,LayerNorm-27,False,12,4,4
convnext_base_in22k_classification,convnext_base_in22k_classification,convnext_base_in22k_classification.h5,True,srpr,Conv2d-26,False,12,4,4
convnext_base_in22k_classification,convnext_base_in22k_classification,convnext_base_in22k_classification.h5,True,wrsa,Conv2d-26,False,12,4,4
convnext_large_in22k_classification,convnext_large_in22k_classification,convnext_large_in22k_classification.h5,True,crsa,Conv2d-23,False,12,2,4
convnext_large_in22k_classification,convnext_large_in22k_classification,convnext_large_in22k_classification.h5,True,srpr,Linear-45,False,12,3,4
convnext_large_in22k_classification,convnext_large_in22k_classification,convnext_large_in22k_classification.h5,True,wrsa,Linear-45,False,12,3,4
mixer_b16_224_in21k_classification,mixer_b16_224_in21k_classification,mixer_b16_224_in21k_classification.h5,True,crsa,LayerNorm-18,False,12,4,4
mixer_b16_224_in21k_classification,mixer_b16_224_in21k_classification,mixer_b16_224_in21k_classification.h5,True,srpr,Linear-39,False,12,2,4
mixer_b16_224_in21k_classification,mixer_b16_224_in21k_classification,mixer_b16_224_in21k_classification.h5,True,wrsa,Linear-35,False,12,4,4
mixer_l16_224_in21k_classification,mixer_l16_224_in21k_classification,mixer_l16_224_in21k_classification.h5,True,crsa,Linear-95,False,11,3,4
mixer_l16_224_in21k_classification,mixer_l16_224_in21k_classification,mixer_l16_224_in21k_classification.h5,True,srpr,Linear-71,False,11,2,4
mixer_l16_224_in21k_classification,mixer_l16_224_in21k_classification,mixer_l16_224_in21k_classification.h5,True,wrsa,Linear-63,False,11,2,4
swin_base_patch4_window7_224_in22k_classification,swin_base_patch4_window7_224_in22k_classification,swin_base_patch4_window7_224_in22k_classification.h5,True,crsa,Linear-100,True,11,2,4
swin_base_patch4_window7_224_in22k_classification,swin_base_patch4_window7_224_in22k_classification,swin_base_patch4_window7_224_in22k_classification.h5,True,srpr,Linear-69,False,11,2,4
swin_base_patch4_window7_224_in22k_classification,swin_base_patch4_window7_224_in22k_classification,swin_base_patch4_window7_224_in22k_classification.h5,True,wrsa,Linear-92,False,11,3,4
swin_large_patch4_window7_224_in22k_classification,swin_large_patch4_window7_224_in22k_classification,swin_large_patch4_window7_224_in22k_classification.h5,True,crsa,Linear-100,True,11,2,4
swin_large_patch4_window7_224_in22k_classification,swin_large_patch4_window7_224_in22k_classification,swin_large_patch4_window7_224_in22k_classification.h5,True,srpr,Linear-92,False,11,2,4
swin_large_patch4_window7_224_in22k_classification,swin_large_patch4_window7_224_in22k_classification,swin_large_patch4_window7_224_in22k_classification.h5,True,wrsa,Linear-100,True,11,1,4
resmlp_big_24_224_in22ft1k_classification,resmlp_big_24_224_in22ft1k_classification,resmlp_big_24_224_in22ft1k_classification.h5,True,crsa,Identity-33,False,12,4,4
resmlp_big_24_224_in22ft1k_classification,resmlp_big_24_224_in22ft1k_classification,resmlp_big_24_224_in22ft1k_classification.h5,True,srpr,Linear-53,False,12,2,4
resmlp_big_24_224_in22ft1k_classification,resmlp_big_24_224_in22ft1k_classification,resmlp_big_24_224_in22ft1k_classification.h5,True,wrsa,Linear-55,False,12,2,4
vit_base_patch16_224_in21k_classification,vit_base_patch16_224_in21k_classification,vit_base_patch16_224_in21k_classification.h5,True,crsa,Identity-50,False,11,4,4
vit_base_patch16_224_in21k_classification,vit_base_patch16_224_in21k_classification,vit_base_patch16_224_in21k_classification.h5,True,srpr,LayerNorm-25,False,11,2,4
vit_base_patch16_224_in21k_classification,vit_base_patch16_224_in21k_classification,vit_base_patch16_224_in21k_classification.h5,True,wrsa,Linear-49,True,11,3,4
vit_small_patch16_224_in21k_classification,vit_small_patch16_224_in21k_classification,vit_small_patch16_224_in21k_classification.h5,True,crsa,Identity-50,False,11,4,4
vit_small_patch16_224_in21k_classification,vit_small_patch16_224_in21k_classification,vit_small_patch16_224_in21k_classification.h5,True,srpr,Identity-50,False,11,1,4
vit_small_patch16_224_in21k_classification,vit_small_patch16_224_in21k_classification,vit_small_patch16_224_in21k_classification.h5,True,wrsa,Linear-49,True,11,3,4
vit_large_patch16_224_in21k_classification,vit_large_patch16_224_in21k_classification,vit_large_patch16_224_in21k_classification.h5,True,crsa,LayerNorm-28,False,12,3,4
vit_large_patch16_224_in21k_classification,vit_large_patch16_224_in21k_classification,vit_large_patch16_224_in21k_classification.h5,True,srpr,Linear-55,False,12,3,4
vit_large_patch16_224_in21k_classification,vit_large_patch16_224_in21k_classification,vit_large_patch16_224_in21k_classification.h5,True,wrsa,Identity-98,False,12,1,4
vit_base_patch32_224_in21k_classification,vit_base_patch32_224_in21k_classification,vit_base_patch32_224_in21k_classification.h5,True,crsa,LayerNorm-25,False,11,4,4
vit_base_patch32_224_in21k_classification,vit_base_patch32_224_in21k_classification,vit_base_patch32_224_in21k_classification.h5,True,srpr,LayerNorm-25,False,11,3,4
vit_base_patch32_224_in21k_classification,vit_base_patch32_224_in21k_classification,vit_base_patch32_224_in21k_classification.h5,True,wrsa,Linear-39,False,11,3,4
vit_small_patch32_224_in21k_classification,vit_small_patch32_224_in21k_classification,vit_small_patch32_224_in21k_classification.h5,True,crsa,LayerNorm-24,False,11,2,4
vit_small_patch32_224_in21k_classification,vit_small_patch32_224_in21k_classification,vit_small_patch32_224_in21k_classification.h5,True,srpr,LayerNorm-24,False,11,1,4
vit_small_patch32_224_in21k_classification,vit_small_patch32_224_in21k_classification,vit_small_patch32_224_in21k_classification.h5,True,wrsa,Linear-49,True,11,2,4
alexnet_gn_ipcl_imagenet,alexnet_gn_ipcl_imagenet_ipcl,alexnet_gn_ipcl_imagenet.h5,True,crsa,ReLU-6,True,13,4,4
alexnet_gn_ipcl_imagenet,alexnet_gn_ipcl_imagenet_ipcl,alexnet_gn_ipcl_imagenet.h5,True,srpr,ReLU-6,True,13,4,4
alexnet_gn_ipcl_imagenet,alexnet_gn_ipcl_imagenet_ipcl,alexnet_gn_ipcl_imagenet.h5,True,wrsa,ReLU-6,True,13,4,4
alexnet_gn_ipcl_openimages,alexnet_gn_ipcl_openimages_ipcl,alexnet_gn_ipcl_openimages.h5,True,crsa,BatchNorm1d-1,True,13,4,4
alexnet_gn_ipcl_openimages,alexnet_gn_ipcl_openimages_ipcl,alexnet_gn_ipcl_openimages.h5,True,srpr,ReLU-6,True,13,3,4
alexnet_gn_ipcl_openimages,alexnet_gn_ipcl_openimages_ipcl,alexnet_gn_ipcl_openimages.h5,True,wrsa,ReLU-6,True,13,3,4
alexnet_gn_ipcl_places256,alexnet_gn_ipcl_places256_ipcl,alexnet_gn_ipcl_places256.h5,True,crsa,BatchNorm1d-1,True,13,2,4
alexnet_gn_ipcl_places256,alexnet_gn_ipcl_places256_ipcl,alexnet_gn_ipcl_places256.h5,True,srpr,ReLU-6,True,13,4,4
alexnet_gn_ipcl_places256,alexnet_gn_ipcl_places256_ipcl,alexnet_gn_ipcl_places256.h5,True,wrsa,ReLU-6,True,13,4,4
alexnet_gn_ipcl_vggface2,alexnet_gn_ipcl_vggface2_ipcl,alexnet_gn_ipcl_vggface2.h5,True,crsa,Linear-3,True,13,2,4
alexnet_gn_ipcl_vggface2,alexnet_gn_ipcl_vggface2_ipcl,alexnet_gn_ipcl_vggface2.h5,True,srpr,ReLU-6,True,13,3,4
alexnet_gn_ipcl_vggface2,alexnet_gn_ipcl_vggface2_ipcl,alexnet_gn_ipcl_vggface2.h5,True,wrsa,ReLU-7,True,13,2,4
