model,model_class,train_type,train_data,model_source,task_cluster,comparison_group
BiT/Expert/ResNet/V2/Abstraction_bit_expert,Convolutional,bit_expert,big_transfer,bit_expert,Expertise,other
BiT/Expert/ResNet/V2/Animal_bit_expert,Convolutional,bit_expert,big_transfer,bit_expert,Expertise,other
BiT/Expert/ResNet/V2/Arthropod_bit_expert,Convolutional,bit_expert,big_transfer,bit_expert,Expertise,other
BiT/Expert/ResNet/V2/Bird_bit_expert,Convolutional,bit_expert,big_transfer,bit_expert,Expertise,other
BiT/Expert/ResNet/V2/Flower_bit_expert,Convolutional,bit_expert,big_transfer,bit_expert,Expertise,other
BiT/Expert/ResNet/V2/Food_bit_expert,Convolutional,bit_expert,big_transfer,bit_expert,Expertise,other
BiT/Expert/ResNet/V2/Instrument_bit_expert,Convolutional,bit_expert,big_transfer,bit_expert,Expertise,other
BiT/Expert/ResNet/V2/Mammal_bit_expert,Convolutional,bit_expert,big_transfer,bit_expert,Expertise,other
BiT/Expert/ResNet/V2/Object_bit_expert,Convolutional,bit_expert,big_transfer,bit_expert,Expertise,other
BiT/Expert/ResNet/V2/Relation_bit_expert,Convolutional,bit_expert,big_transfer,bit_expert,Expertise,other
BiT/Expert/ResNet/V2/Vehicle_bit_expert,Convolutional,bit_expert,big_transfer,bit_expert,Expertise,other
DPT_Hybrid_monoculardepth,Transformer,monoculardepth,"ReDWeb,DIML,Movies,MegaDepth,WSVD,TartanAir,HRWSI,ApolloScape,BlendedMVS,IRS",midas,MonocularDepth,other
DPT_Large_monoculardepth,Transformer,monoculardepth,"ReDWeb,DIML,Movies,MegaDepth,WSVD,TartanAir,HRWSI,ApolloScape,BlendedMVS,IRS",midas,MonocularDepth,other
MiDaS_monoculardepth,Convolutional,monoculardepth,"ReDWeb,DIML,Movies,MegaDepth,WSVD,TartanAir,HRWSI,ApolloScape,BlendedMVS,IRS",midas,MonocularDepth,other
MiDaS_small_monoculardepth,Convolutional,monoculardepth,"ReDWeb,DIML,Movies,MegaDepth,WSVD,TartanAir,HRWSI,ApolloScape,BlendedMVS,IRS",midas,MonocularDepth,other
RN101_clip,Convolutional,clip,openai400M,clip,Vision-Language,other
RN50_clip,Convolutional,clip,openai400M,clip,Vision-Language,other
RN50x16_clip,Convolutional,clip,openai400M,clip,Vision-Language,other
RN50x4_clip,Convolutional,clip,openai400M,clip,Vision-Language,other
RN50x64_clip,Convolutional,clip,openai400M,clip,Vision-Language,other
ResNet50/ClusterFit/16K/RotNet_selfsupervised,Convolutional,selfsupervised,imagenet,vissl,Self-Supervised,task_vissl
ResNet50/DeepClusterV2/2x224+6x96_selfsupervised,Convolutional,selfsupervised,imagenet,vissl,Self-Supervised,task_vissl
ResNet50/JigSaw/P100_selfsupervised,Convolutional,selfsupervised,imagenet,vissl,Self-Supervised,task_vissl
ResNet50/SwAV/BS4096/2x224+6x96_selfsupervised,Convolutional,selfsupervised,imagenet,vissl,Self-Supervised,task_vissl
ViT/B/16_clip,Transformer,clip,openai400M,clip,Vision-Language,other
ViT/B/32_clip,Transformer,clip,openai400M,clip,Vision-Language,other
ViT/B/SLIP/Ep100_slip,Transformer,slip,YFCC15M,slip,Vision-Language,task_slip
ViT/L/14_clip,Transformer,clip,openai400M,clip,Vision-Language,other
ViT/L/CLIP/CC12M_slip,Transformer,slip,YFCC15M,slip,Vision-Language,task_slip
ViT/L/SLIP/CC12M_slip,Transformer,slip,YFCC15M,slip,Vision-Language,task_slip
ViT/L/SLIP/Ep100_slip,Transformer,slip,YFCC15M,slip,Vision-Language,task_slip
ViT/S/SLIP/Ep100_slip,Transformer,slip,YFCC15M,slip,Vision-Language,task_slip
adv_inception_v3_adversarial,Convolutional,adversarial,imagenet,timm,Semantic,other
alexnet_gn_ipcl_imagenet,Convolutional,ipcl,imagenet,open_ipcl,Self-Supervised,input_ipcl
alexnet_gn_ipcl_openimages,Convolutional,ipcl,openimages,open_ipcl,Self-Supervised,input_ipcl
alexnet_gn_ipcl_places256,Convolutional,ipcl,places256,open_ipcl,Self-Supervised,input_ipcl
alexnet_gn_ipcl_vggface2,Convolutional,ipcl,vggface2,open_ipcl,Self-Supervised,input_ipcl
autoencoding_taskonomy,Convolutional,taskonomy,taskonomy,taskonomy,2D,task_taskonomy
beit_base_patch16_224_bert_pretraining,Transformer,bert_pretraining,imagenet,timm,Semantic,other
beit_large_patch16_224_bert_pretraining,Transformer,bert_pretraining,imagenet,timm,Semantic,other
cait_s24_224_classification,Transformer,classification,imagenet,timm,Semantic,arch_transformer_in1k
cait_xxs24_224_classification,Transformer,classification,imagenet,timm,Semantic,arch_transformer_in1k
class_object_taskonomy,Convolutional,taskonomy,taskonomy,taskonomy,Semantic,task_taskonomy
class_scene_taskonomy,Convolutional,taskonomy,taskonomy,taskonomy,Semantic,task_taskonomy
coat_lite_small_classification,Transformer,classification,imagenet,timm,Semantic,arch_transformer_in1k
coat_lite_tiny_classification,Transformer,classification,imagenet,timm,Semantic,arch_transformer_in1k
coat_mini_classification,Transformer,classification,imagenet,timm,Semantic,arch_transformer_in1k
convit_base_classification,Hybrid,classification,imagenet,timm,Semantic,other
convit_small_classification,Hybrid,classification,imagenet,timm,Semantic,other
convit_tiny_classification,Hybrid,classification,imagenet,timm,Semantic,other
convmixer_768_32_classification,Hybrid,classification,imagenet,timm,Semantic,other
convnext_base_classification,Convolutional,classification,imagenet,timm,Semantic,input_in1k_vs_in21k
convnext_base_in22k_classification,Convolutional,classification,imagenet21k,timm,Semantic,input_in1k_vs_in21k
convnext_large_classification,Convolutional,classification,imagenet,timm,Semantic,input_in1k_vs_in21k
convnext_large_in22k_classification,Convolutional,classification,imagenet21k,timm,Semantic,input_in1k_vs_in21k
convnext_small_classification,Convolutional,classification,imagenet,timm,Semantic,arch_cnn_in1k
cornet_s,Convolutional,classification,imagenet,cornet,Semantic,arch_cnn_in1k
crossvit_base_240_classification,Transformer,classification,imagenet,timm,Semantic,arch_transformer_in1k
crossvit_tiny_240_classification,Transformer,classification,imagenet,timm,Semantic,arch_transformer_in1k
cspdarknet53_classification,Convolutional,classification,imagenet,timm,Semantic,arch_cnn_in1k
cspresnet50_classification,Convolutional,classification,imagenet,timm,Semantic,arch_cnn_in1k
curvature_taskonomy,Convolutional,taskonomy,taskonomy,taskonomy,3D,task_taskonomy
deit_base_patch16_224_classification,Transformer,classification,imagenet,timm,Semantic,arch_transformer_in1k
deit_small_patch16_224_classification,Transformer,classification,imagenet,timm,Semantic,arch_transformer_in1k
deit_tiny_patch16_224_classification,Transformer,classification,imagenet,timm,Semantic,arch_transformer_in1k
denoising_taskonomy,Convolutional,taskonomy,taskonomy,taskonomy,Other,task_taskonomy
densenet161_classification,Convolutional,classification,imagenet,torchvision,Semantic,arch_cnn_in1k
densenet201_classification,Convolutional,classification,imagenet,torchvision,Semantic,arch_cnn_in1k
depth_euclidean_taskonomy,Convolutional,taskonomy,taskonomy,taskonomy,3D,task_taskonomy
depth_zbuffer_taskonomy,Convolutional,taskonomy,taskonomy,taskonomy,3D,task_taskonomy
dino_dino_resnet50,Convolutional,selfsupervised,imagenet,dino,Self-Supervised,other
dino_dino_vitb16,Transformer,selfsupervised,imagenet,dino,Self-Supervised,other
dino_dino_vitb8,Transformer,selfsupervised,imagenet,dino,Self-Supervised,other
dino_dino_vits16,Transformer,selfsupervised,imagenet,dino,Self-Supervised,other
dino_dino_vits8,Transformer,selfsupervised,imagenet,dino,Self-Supervised,other
dino_xcit_medium_24_p16_selfsupervised,Transformer,selfsupervised,imagenet,dino,Self-Supervised,other
dino_xcit_medium_24_p8_selfsupervised,Transformer,selfsupervised,imagenet,dino,Self-Supervised,other
dino_xcit_small_12_p16_selfsupervised,Transformer,selfsupervised,imagenet,dino,Self-Supervised,other
dino_xcit_small_12_p8_selfsupervised,Transformer,selfsupervised,imagenet,dino,Self-Supervised,other
dinov2_vitl14,Transformer,selfsupervised,lvd142m,dinov2,Self-Supervised,other
dinov3/vitl16/pretrain/lvd1689m,Transformer,selfsupervised,lvd1689m,dinov3,Self-Supervised,other
dla169_classification,Convolutional,classification,imagenet,timm,Semantic,arch_cnn_in1k
dla34_classification,Convolutional,classification,imagenet,timm,Semantic,arch_cnn_in1k
eca_nfnet_l0_classification,Convolutional,classification,imagenet,timm,Semantic,arch_cnn_in1k
eca_nfnet_l1_classification,Convolutional,classification,imagenet,timm,Semantic,arch_cnn_in1k
ecaresnet101d_classification,Convolutional,classification,imagenet,timm,Semantic,arch_cnn_in1k
ecaresnet50d_classification,Convolutional,classification,imagenet,timm,Semantic,arch_cnn_in1k
edge_occlusion_taskonomy,Convolutional,taskonomy,taskonomy,taskonomy,3D,task_taskonomy
edge_texture_taskonomy,Convolutional,taskonomy,taskonomy,taskonomy,2D,task_taskonomy
efficientnet_b1_classification,Convolutional,classification,imagenet,timm,Semantic,arch_cnn_in1k
efficientnet_b3_classification,Convolutional,classification,imagenet,timm,Semantic,arch_cnn_in1k
efficientnet_b5_classification,Convolutional,classification,imagenet,timm,Semantic,arch_cnn_in1k
efficientnetv2_rw_s_classification,Convolutional,classification,imagenet,timm,Semantic,arch_cnn_in1k
egomotion_taskonomy,Convolutional,taskonomy,taskonomy,taskonomy,Geometric,task_taskonomy
faster_rcnn_R_101_C4_3x_detection,Convolutional,detection,coco2017,detectron,Detection|Segmentation,other
faster_rcnn_R_101_DC5_3x_detection,Convolutional,detection,coco2017,detectron,Detection|Segmentation,other
faster_rcnn_R_101_FPN_3x_detection,Convolutional,detection,coco2017,detectron,Detection|Segmentation,other
faster_rcnn_R_50_C4_3x_detection,Convolutional,detection,coco2017,detectron,Detection|Segmentation,other
faster_rcnn_R_50_DC5_3x_detection,Convolutional,detection,coco2017,detectron,Detection|Segmentation,other
faster_rcnn_R_50_FPN_3x_detection,Convolutional,detection,coco2017,detectron,Detection|Segmentation,other
faster_rcnn_X_101_32x8d_FPN_3x_detection,Convolutional,detection,coco2017,detectron,Detection|Segmentation,other
fbnetc_100_classification,Convolutional,classification,imagenet,timm,Semantic,arch_cnn_in1k
fixated_pose_taskonomy,Convolutional,taskonomy,taskonomy,taskonomy,Geometric,task_taskonomy
gcresnet50t_classification,Convolutional,classification,imagenet,timm,Semantic,arch_cnn_in1k
gernet_l_classification,Convolutional,classification,imagenet,timm,Semantic,arch_cnn_in1k
gernet_s_classification,Convolutional,classification,imagenet,timm,Semantic,arch_cnn_in1k
ghostnet_100_classification,Convolutional,classification,imagenet,timm,Semantic,arch_cnn_in1k
gmixer_24_224_classification,Convolutional,classification,imagenet,timm,Semantic,arch_cnn_in1k
gmlp_s16_224_classification,Convolutional,classification,imagenet,timm,Semantic,arch_cnn_in1k
googlenet_classification,Convolutional,classification,imagenet,torchvision,Semantic,arch_cnn_in1k
hardcorenas_a_classification,Convolutional,classification,imagenet,timm,Semantic,arch_cnn_in1k
hardcorenas_f_classification,Convolutional,classification,imagenet,timm,Semantic,arch_cnn_in1k
hrnet_w18_classification,Convolutional,classification,imagenet,timm,Semantic,arch_cnn_in1k
hrnet_w64_classification,Convolutional,classification,imagenet,timm,Semantic,arch_cnn_in1k
inception_resnet_v2_classification,Convolutional,classification,imagenet,timm,Semantic,arch_cnn_in1k
inception_v3_classification,Convolutional,classification,imagenet,timm,Semantic,arch_cnn_in1k
inception_v4_classification,Convolutional,classification,imagenet,timm,Semantic,arch_cnn_in1k
inpainting_taskonomy,Convolutional,taskonomy,taskonomy,taskonomy,2D,task_taskonomy
jigsaw_taskonomy,Convolutional,taskonomy,taskonomy,taskonomy,Geometric,task_taskonomy
jx_nest_base_classification,Transformer,classification,imagenet,timm,Semantic,arch_transformer_in1k
jx_nest_small_classification,Transformer,classification,imagenet,timm,Semantic,arch_transformer_in1k
jx_nest_tiny_classification,Transformer,classification,imagenet,timm,Semantic,arch_transformer_in1k
keypoint_rcnn_R_50_FPN_3x_segmentation,Convolutional,segmentation,coco2017,detectron,Detection|Segmentation,other
keypoints2d_taskonomy,Convolutional,taskonomy,taskonomy,taskonomy,2D,task_taskonomy
keypoints3d_taskonomy,Convolutional,taskonomy,taskonomy,taskonomy,3D,task_taskonomy
lambda_resnet26t_classification,Convolutional,classification,imagenet,timm,Semantic,arch_cnn_in1k
levit_128_classification,Transformer,classification,imagenet,timm,Semantic,arch_transformer_in1k
levit_256_classification,Transformer,classification,imagenet,timm,Semantic,arch_transformer_in1k
mask_rcnn_R_101_C4_3x_segmentation,Convolutional,segmentation,coco2017,detectron,Detection|Segmentation,other
mask_rcnn_R_101_DC5_3x_segmentation,Convolutional,segmentation,coco2017,detectron,Detection|Segmentation,other
mask_rcnn_R_101_FPN_1x_segmentation,Convolutional,segmentation,LVIS,detectron,Detection|Segmentation,other
mask_rcnn_R_101_FPN_3x_segmentation,Convolutional,segmentation,coco2017,detectron,Detection|Segmentation,other
mask_rcnn_R_50_C4_3x_segmentation,Convolutional,segmentation,coco2017,detectron,Detection|Segmentation,other
mask_rcnn_R_50_DC5_3x_segmentation,Convolutional,segmentation,coco2017,detectron,Detection|Segmentation,other
mask_rcnn_R_50_FPN_1x_segmentation,Convolutional,segmentation,LVIS,detectron,Detection|Segmentation,other
mask_rcnn_R_50_FPN_3x_segmentation,Convolutional,segmentation,coco2017,detectron,Detection|Segmentation,other
mask_rcnn_X_101_32x8d_FPN_1x_segmentation,Convolutional,segmentation,LVIS,detectron,Detection|Segmentation,other
mask_rcnn_X_101_32x8d_FPN_3x_segmentation,Convolutional,segmentation,coco2017,detectron,Detection|Segmentation,other
mixer_b16_224_classification,MLP-Mixer,classification,imagenet,timm,Semantic,input_in1k_vs_in21k
mixer_b16_224_in21k_classification,MLP-Mixer,classification,imagenet21k,timm,Semantic,input_in1k_vs_in21k
mixer_l16_224_classification,MLP-Mixer,classification,imagenet,timm,Semantic,input_in1k_vs_in21k
mixer_l16_224_in21k_classification,MLP-Mixer,classification,imagenet21k,timm,Semantic,input_in1k_vs_in21k
mixnet_l_classification,Convolutional,classification,imagenet,timm,Semantic,arch_cnn_in1k
mixnet_s_classification,Convolutional,classification,imagenet,timm,Semantic,arch_cnn_in1k
mnasnet0_5_classification,Convolutional,classification,imagenet,torchvision,Semantic,arch_cnn_in1k
mnasnet1_0_classification,Convolutional,classification,imagenet,torchvision,Semantic,arch_cnn_in1k
mnasnet_100_classification,Convolutional,classification,imagenet,timm,Semantic,arch_cnn_in1k
mobilenetv3_large_100_classification,Convolutional,classification,imagenet,timm,Semantic,input_in1k_vs_in21k
mobilenetv3_large_100_miil_in21k_classification,Convolutional,classification,imagenet21k,timm,Semantic,input_in1k_vs_in21k
mobilenetv3_rw_classification,Convolutional,classification,imagenet,timm,Semantic,arch_cnn_in1k
mobilevit_s_classification,Transformer,classification,imagenet,timm,Semantic,arch_transformer_in1k
nasnetalarge_classification,Convolutional,classification,imagenet,timm,Semantic,arch_cnn_in1k
nf_resnet50_classification,Convolutional,classification,imagenet,timm,Semantic,arch_cnn_in1k
nfnet_l0_classification,Convolutional,classification,imagenet,timm,Semantic,arch_cnn_in1k
nonfixated_pose_taskonomy,Convolutional,taskonomy,taskonomy,taskonomy,Geometric,task_taskonomy
normal_taskonomy,Convolutional,taskonomy,taskonomy,taskonomy,3D,task_taskonomy
openclip_coca_vit_b_32_laion2b_s13b_b90k,Transformer,clip,laion2b,openclip,Vision-Language,other
openclip_coca_vit_l_14_laion2b_s13b_b90k,Transformer,clip,laion2b,openclip,Vision-Language,other
openclip_convnext_base_laion400m_s13b_b51k,Convolutional,clip,laion400m,openclip,Vision-Language,other
openclip_convnext_base_w_laion2b_s13b_b82k,Convolutional,clip,laion2b,openclip,Vision-Language,other
openclip_convnext_large_d_laion2b_s26b_b102k_augreg,Convolutional,clip,laion2b,openclip,Vision-Language,other
openclip_convnext_xxlarge_laion2b_s34b_b82k_augreg,Convolutional,clip,laion2b,openclip,Vision-Language,other
openclip_eva01_g_14_laion400m_s11b_b41k,Transformer,clip,laion400m,openclip,Vision-Language,other
openclip_eva01_g_14_plus_merged2b_s11b_b114k,Transformer,clip,merged2b,openclip,Vision-Language,other
openclip_eva02_b_16_merged2b_s8b_b131k,Transformer,clip,merged2b,openclip,Vision-Language,other
openclip_eva02_e_14_plus_laion2b_s9b_b144k,Transformer,clip,laion2b,openclip,Vision-Language,other
openclip_eva02_l_14_merged2b_s4b_b131k,Transformer,clip,merged2b,openclip,Vision-Language,other
openclip_vit_b_16_commonpool_l_clip_s1b_b8k,Transformer,clip,commonpool,openclip,Vision-Language,other
openclip_vit_b_16_datacomp_xl_s13b_b90k,Transformer,clip,datacomp,openclip,Vision-Language,other
openclip_vit_b_16_laion2b_s34b_b88k,Transformer,clip,laion2b,openclip,Vision-Language,other
openclip_vit_b_16_laion400m_e32,Transformer,clip,laion400m,openclip,Vision-Language,other
openclip_vit_b_32_commonpool_m_clip_s128m_b4k,Transformer,clip,commonpool,openclip,Vision-Language,other
openclip_vit_b_32_commonpool_s_clip_s13m_b4k,Transformer,clip,commonpool,openclip,Vision-Language,other
openclip_vit_bigg_14_clipa_datacomp1b,Transformer,clip,datacomp,openclip,Vision-Language,other
openclip_vit_bigg_14_laion2b_s39b_b160k,Transformer,clip,laion2b,openclip,Vision-Language,other
openclip_vit_g_14_laion2b_s34b_b88k,Transformer,clip,laion2b,openclip,Vision-Language,other
openclip_vit_h_14_clipa_datacomp1b,Transformer,clip,datacomp,openclip,Vision-Language,other
openclip_vit_h_14_laion2b_s32b_b79k,Transformer,clip,laion2b,openclip,Vision-Language,other
openclip_vit_h_14_quickgelu_metaclip_fullcc,Transformer,clip,metaclip,openclip,Vision-Language,other
openclip_vit_l_14_clipa_datacomp1b,Transformer,clip,datacomp,openclip,Vision-Language,other
openclip_vit_l_14_commonpool_xl_clip_s13b_b90k,Transformer,clip,commonpool,openclip,Vision-Language,other
openclip_vit_l_14_datacomp_xl_s13b_b90k,Transformer,clip,datacomp,openclip,Vision-Language,other
openclip_vit_l_14_laion2b_s32b_b82k,Transformer,clip,laion2b,openclip,Vision-Language,other
openclip_vit_l_14_laion400m_e31,Transformer,clip,laion400m,openclip,Vision-Language,other
openclip_vit_l_14_laion400m_e32,Transformer,clip,laion400m,openclip,Vision-Language,other
openclip_vit_l_14_quickgelu_metaclip_400m,Transformer,clip,metaclip,openclip,Vision-Language,other
openclip_vit_l_14_quickgelu_metaclip_fullcc,Transformer,clip,metaclip,openclip,Vision-Language,other
openclip_vit_so400m_14_siglip_webli,Transformer,siglip,webli,openclip,Vision-Language,other
panoptic_fpn_R_50_3x_panoptics,Convolutional,panoptics,coco2017,detectron,Detection|Segmentation,other
pit_b_224_classification,Transformer,classification,imagenet,timm,Semantic,arch_transformer_in1k
pit_s_224_classification,Transformer,classification,imagenet,timm,Semantic,arch_transformer_in1k
pit_ti_224_classification,Transformer,classification,imagenet,timm,Semantic,arch_transformer_in1k
pnasnet5large_classification,Convolutional,classification,imagenet,timm,Semantic,arch_cnn_in1k
point_matching_taskonomy,Convolutional,taskonomy,taskonomy,taskonomy,Geometric,task_taskonomy
poolformer_m36_classification,Transformer,classification,imagenet,timm,Semantic,arch_transformer_in1k
poolformer_s12_classification,Transformer,classification,imagenet,timm,Semantic,arch_transformer_in1k
poolformer_s36_classification,Transformer,classification,imagenet,timm,Semantic,arch_transformer_in1k
random_weights_taskonomy,Convolutional,taskonomy,none,taskonomy,Random,task_taskonomy
regnetx_064_classification,Convolutional,classification,imagenet,timm,Semantic,arch_cnn_in1k
regnety_064_classification,Convolutional,classification,imagenet,timm,Semantic,arch_cnn_in1k
repvgg_b1_classification,Convolutional,classification,imagenet,timm,Semantic,arch_cnn_in1k
repvgg_b1g4_classification,Convolutional,classification,imagenet,timm,Semantic,arch_cnn_in1k
res2net50_26w_4s_classification,Convolutional,classification,imagenet,timm,Semantic,arch_cnn_in1k
reshading_taskonomy,Convolutional,taskonomy,taskonomy,taskonomy,3D,task_taskonomy
resmlp_12_224_classification,MLP-Mixer,classification,imagenet,timm,Semantic,other
resmlp_24_224_classification,MLP-Mixer,classification,imagenet,timm,Semantic,other
resmlp_36_224_classification,MLP-Mixer,classification,imagenet,timm,Semantic,other
resmlp_big_24_224_classification,MLP-Mixer,classification,imagenet,timm,Semantic,input_in1k_vs_in21k
resmlp_big_24_224_in22ft1k_classification,MLP-Mixer,classification,imagenet21k,timm,Semantic,input_in1k_vs_in21k
resnest50d_classification,Convolutional,classification,imagenet,timm,Semantic,arch_cnn_in1k
resnetrs50_classification,Convolutional,classification,imagenet,timm,Semantic,arch_cnn_in1k
resnetv2_101x3_bitm_big_transfer,Convolutional,big_transfer,big_transfer,timm,Semantic,input_in1k_vs_in21k
resnetv2_101x3_bitm_in21k_big_transfer,Convolutional,big_transfer,big_transfer,timm,Semantic,input_in1k_vs_in21k
resnetv2_152x4_bitm_big_transfer,Convolutional,big_transfer,big_transfer,timm,Semantic,input_in1k_vs_in21k
resnetv2_152x4_bitm_in21k_big_transfer,Convolutional,big_transfer,big_transfer,timm,Semantic,input_in1k_vs_in21k
resnetv2_50x1_bitm_big_transfer,Convolutional,big_transfer,big_transfer,timm,Semantic,input_in1k_vs_in21k
resnetv2_50x1_bitm_in21k_big_transfer,Convolutional,big_transfer,big_transfer,timm,Semantic,input_in1k_vs_in21k
resnext101_32x8d_classification,Convolutional,classification,imagenet,torchvision,Semantic,arch_cnn_in1k
resnext50_32x4d_classification,Convolutional,classification,imagenet,torchvision,Semantic,arch_cnn_in1k
retinanet_R_101_FPN_3x_detection,Convolutional,detection,coco2017,detectron,Detection|Segmentation,other
retinanet_R_50_FPN_3x_detection,Convolutional,detection,coco2017,detectron,Detection|Segmentation,other
rexnet_100_classification,Convolutional,classification,imagenet,timm,Semantic,arch_cnn_in1k
robustness_imagenet_l2_eps3,Convolutional,adversarial,imagenet,robustness,Other,other
room_layout_taskonomy,Convolutional,taskonomy,taskonomy,taskonomy,Geometric,task_taskonomy
seer_regnet128gf,Convolutional,seer,random1B,seer,Self-Supervised,other
seer_regnet128gf_inft,Convolutional,seer,random1B,seer,Self-Supervised,other
seer_regnet32gf,Convolutional,seer,random1B,seer,Self-Supervised,other
seer_regnet64gf,Convolutional,seer,random1B,seer,Self-Supervised,other
selecsls60_classification,Convolutional,classification,imagenet,timm,Semantic,arch_cnn_in1k
semnasnet_100_classification,Convolutional,classification,imagenet,timm,Semantic,arch_cnn_in1k
seresnet50_classification,Convolutional,classification,imagenet,timm,Semantic,arch_cnn_in1k
seresnext50_32x4d_classification,Convolutional,classification,imagenet,timm,Semantic,arch_cnn_in1k
shufflenet_v2_x0_5_classification,Convolutional,classification,imagenet,torchvision,Semantic,arch_cnn_in1k
shufflenet_v2_x1_0_classification,Convolutional,classification,imagenet,torchvision,Semantic,arch_cnn_in1k
skresnet18_classification,Convolutional,classification,imagenet,timm,Semantic,arch_cnn_in1k
skresnext50_32x4d_classification,Convolutional,classification,imagenet,timm,Semantic,arch_cnn_in1k
slip_vit_b_clip,Transformer,slip,YFCC15M,slip,Vision-Language,task_slip
slip_vit_b_simclr,Transformer,slip,YFCC15M,slip,Self-Supervised,task_slip
slip_vit_b_slip,Transformer,slip,YFCC15M,slip,Vision-Language,task_slip
slip_vit_l_clip,Transformer,slip,YFCC15M,slip,Vision-Language,task_slip
slip_vit_l_simclr,Transformer,slip,YFCC15M,slip,Self-Supervised,task_slip
slip_vit_l_slip,Transformer,slip,YFCC15M,slip,Vision-Language,task_slip
slip_vit_s_clip,Transformer,slip,YFCC15M,slip,Vision-Language,task_slip
slip_vit_s_simclr,Transformer,slip,YFCC15M,slip,Self-Supervised,task_slip
slip_vit_s_slip,Transformer,slip,YFCC15M,slip,Vision-Language,task_slip
spnasnet_100_classification,Convolutional,classification,imagenet,timm,Semantic,arch_cnn_in1k
squeezenet1_0_classification,Convolutional,classification,imagenet,torchvision,Semantic,arch_cnn_in1k
squeezenet1_1_classification,Convolutional,classification,imagenet,torchvision,Semantic,arch_cnn_in1k
ssl_resnet18_semi/supervised,Convolutional,semi-supervised,YFCC100M,timm,Semantic,other
ssl_resnet50_semi/supervised,Convolutional,semi-supervised,YFCC100M,timm,Semantic,other
ssl_resnext101_32x4d_semi/supervised,Convolutional,semi-supervised,YFCC100M,timm,Semantic,other
swin_base_patch4_window7_224_classification,Transformer,classification,imagenet,timm,Semantic,input_in1k_vs_in21k
swin_base_patch4_window7_224_in22k_classification,Transformer,classification,imagenet21k,timm,Semantic,input_in1k_vs_in21k
swin_large_patch4_window7_224_classification,Transformer,classification,imagenet,timm,Semantic,input_in1k_vs_in21k
swin_large_patch4_window7_224_in22k_classification,Transformer,classification,imagenet21k,timm,Semantic,input_in1k_vs_in21k
swin_small_patch4_window7_224_classification,Transformer,classification,imagenet,timm,Semantic,arch_transformer_in1k
swin_tiny_patch4_window7_224_classification,Transformer,classification,imagenet,timm,Semantic,arch_transformer_in1k
swsl_resnet18_semi/weakly/supervised,Convolutional,semi-weakly-supervised,Instagram,timm,Semantic,other
swsl_resnet50_semi/weakly/supervised,Convolutional,semi-weakly-supervised,Instagram,timm,Semantic,other
swsl_resnext101_32x4d_semi/weakly/supervised,Convolutional,semi-weakly-supervised,Instagram,timm,Semantic,other
tf_efficientnet_b0_ap_adversarial,Convolutional,adversarial,imagenet,timm,Semantic,other
tf_efficientnet_b0_classification,Convolutional,classification,imagenet,timm,Semantic,arch_cnn_in1k
tf_efficientnet_b0_ns_noisy_student,Convolutional,noisy_student,imagenet,timm,Semantic,other
tf_efficientnet_b1_ap_adversarial,Convolutional,adversarial,imagenet,timm,Semantic,other
tf_efficientnet_b1_classification,Convolutional,classification,imagenet,timm,Semantic,arch_cnn_in1k
tf_efficientnet_b1_ns_noisy_student,Convolutional,noisy_student,imagenet,timm,Semantic,other
tf_efficientnet_b2_ap_adversarial,Convolutional,adversarial,imagenet,timm,Semantic,other
tf_efficientnet_b2_classification,Convolutional,classification,imagenet,timm,Semantic,arch_cnn_in1k
tf_efficientnet_b2_ns_noisy_student,Convolutional,noisy_student,imagenet,timm,Semantic,other
tf_efficientnet_b3_ap_adversarial,Convolutional,adversarial,imagenet,timm,Semantic,other
tf_efficientnet_b3_classification,Convolutional,classification,imagenet,timm,Semantic,arch_cnn_in1k
tf_efficientnet_b3_ns_noisy_student,Convolutional,noisy_student,imagenet,timm,Semantic,other
tf_efficientnet_b4_ap_adversarial,Convolutional,adversarial,imagenet,timm,Semantic,other
tf_efficientnet_b4_classification,Convolutional,classification,imagenet,timm,Semantic,arch_cnn_in1k
tf_efficientnet_b4_ns_noisy_student,Convolutional,noisy_student,imagenet,timm,Semantic,other
tf_efficientnet_b5_ap_adversarial,Convolutional,adversarial,imagenet,timm,Semantic,other
tf_efficientnet_b5_classification,Convolutional,classification,imagenet,timm,Semantic,arch_cnn_in1k
tf_efficientnet_b5_ns_noisy_student,Convolutional,noisy_student,imagenet,timm,Semantic,other
tf_efficientnet_b6_ap_adversarial,Convolutional,adversarial,imagenet,timm,Semantic,other
tf_efficientnet_b6_classification,Convolutional,classification,imagenet,timm,Semantic,arch_cnn_in1k
tf_efficientnet_b6_ns_noisy_student,Convolutional,noisy_student,imagenet,timm,Semantic,other
tf_efficientnet_b7_ap_adversarial,Convolutional,adversarial,imagenet,timm,Semantic,other
tf_efficientnet_b7_classification,Convolutional,classification,imagenet,timm,Semantic,arch_cnn_in1k
tf_efficientnet_b7_ns_noisy_student,Convolutional,noisy_student,imagenet,timm,Semantic,other
timm_beit_base_patch16_224_in22k_ft_in22k_in1k,Transformer,bert_pretraining,imagenet21k,timm,Self-Supervised,other
timm_beit_large_patch16_224_in22k_ft_in22k_in1k,Transformer,bert_pretraining,imagenet21k,timm,Self-Supervised,other
timm_beitv2_base_patch16_224_in1k_ft_in22k_in1k,Transformer,bert_pretraining,imagenet21k,timm,Self-Supervised,other
timm_beitv2_large_patch16_224_in1k_ft_in22k_in1k,Transformer,bert_pretraining,imagenet21k,timm,Self-Supervised,other
timm_convnext_base_clip_laion2b,Convolutional,clip,laion2b,timm,Vision-Language,other
timm_convnext_xxlarge_clip_laion2b_rewind,Convolutional,clip,laion2b,timm,Vision-Language,other
timm_convnextv2_base_fcmae_ft_in22k_in1k,Convolutional,selfsupervised,imagenet,timm,Self-Supervised,other
timm_convnextv2_huge_fcmae_ft_in22k_in1k_384,Convolutional,selfsupervised,imagenet,timm,Self-Supervised,other
timm_convnextv2_tiny_fcmae_ft_in22k_in1k,Convolutional,selfsupervised,imagenet,timm,Self-Supervised,other
timm_eva02_base_patch14_448_mim_in22k_ft_in22k_in1k,Transformer,classification,imagenet22k,timm,Semantic,other
timm_eva02_large_patch14_448_mim_in22k_ft_in22k_in1k,Transformer,classification,imagenet22k,timm,Semantic,other
timm_vit_base_patch14_dinov2_lvd142m,Transformer,selfsupervised,lvd142m,timm,Self-Supervised,other
timm_vit_base_patch14_reg4_dinov2_lvd142m,Transformer,selfsupervised,lvd142m,timm,Self-Supervised,other
timm_vit_base_patch16_224_dino,Transformer,selfsupervised,imagenet,timm,Self-Supervised,other
timm_vit_base_patch16_224_mae,Transformer,selfsupervised,imagenet,timm,Self-Supervised,other
timm_vit_base_patch16_clip_224_datacompxl,Transformer,clip,datacomp,timm,Vision-Language,other
timm_vit_base_patch16_clip_224_dfn2b,Transformer,clip,dfn2b,timm,Vision-Language,other
timm_vit_base_patch16_clip_224_laion2b,Transformer,clip,laion2b,timm,Vision-Language,other
timm_vit_base_patch16_clip_224_openai,Transformer,clip,openai400M,timm,Vision-Language,other
timm_vit_base_patch16_siglip_256_webli,Transformer,siglip,webli,timm,Vision-Language,other
timm_vit_base_patch32_clip_224_metaclip_2pt5b,Transformer,clip,metaclip,timm,Vision-Language,other
timm_vit_giant_patch14_dinov2_lvd142m,Transformer,selfsupervised,lvd142m,timm,Self-Supervised,other
timm_vit_giant_patch14_reg4_dinov2_lvd142m,Transformer,selfsupervised,lvd142m,timm,Self-Supervised,other
timm_vit_huge_patch14_224_mae,Transformer,selfsupervised,imagenet,timm,Self-Supervised,other
timm_vit_huge_patch14_clip_224_dfn5b,Transformer,clip,dfn5b,timm,Vision-Language,other
timm_vit_huge_patch14_clip_224_metaclip_2pt5b,Transformer,clip,metaclip,timm,Vision-Language,other
timm_vit_huge_patch14_clip_378_dfn5b,Transformer,clip,dfn5b,timm,Vision-Language,other
timm_vit_large_patch14_clip_224_datacompxl,Transformer,clip,datacomp,timm,Vision-Language,other
timm_vit_large_patch14_clip_224_dfn2b,Transformer,clip,dfn2b,timm,Vision-Language,other
timm_vit_large_patch14_clip_224_laion2b,Transformer,clip,laion2b,timm,Vision-Language,other
timm_vit_large_patch14_clip_224_metaclip_2pt5b,Transformer,clip,metaclip,timm,Vision-Language,other
timm_vit_large_patch14_clip_224_openai,Transformer,clip,openai400M,timm,Vision-Language,other
timm_vit_large_patch14_clip_quickgelu_224_openai,Transformer,clip,openai400M,timm,Vision-Language,other
timm_vit_large_patch14_dinov2_lvd142m,Transformer,selfsupervised,lvd142m,timm,Self-Supervised,other
timm_vit_large_patch14_reg4_dinov2_lvd142m,Transformer,selfsupervised,lvd142m,timm,Self-Supervised,other
timm_vit_large_patch16_224_mae,Transformer,selfsupervised,imagenet,timm,Self-Supervised,other
timm_vit_large_patch16_siglip_256_webli,Transformer,siglip,webli,timm,Vision-Language,other
timm_vit_small_patch14_dinov2_lvd142m,Transformer,selfsupervised,lvd142m,timm,Self-Supervised,other
timm_vit_small_patch14_reg4_dinov2_lvd142m,Transformer,selfsupervised,lvd142m,timm,Self-Supervised,other
timm_vit_small_patch16_224_dino,Transformer,selfsupervised,imagenet,timm,Self-Supervised,other
timm_vit_so400m_patch14_siglip_224_webli,Transformer,siglip,webli,timm,Vision-Language,other
timm_vit_so400m_patch14_siglip_384_webli,Transformer,siglip,webli,timm,Vision-Language,other
tnt_s_patch16_224_classification,Transformer,classification,imagenet,timm,Semantic,arch_transformer_in1k
torchvision_alexnet_imagenet1k_v1,Convolutional,classification,imagenet1k,torchvision,Semantic,arch_cnn_in1k
torchvision_convnext_base_imagenet1k_v1,Convolutional,classification,imagenet1k,torchvision,Semantic,arch_cnn_in1k
torchvision_convnext_large_imagenet1k_v1,Convolutional,classification,imagenet1k,torchvision,Semantic,arch_cnn_in1k
torchvision_convnext_small_imagenet1k_v1,Convolutional,classification,imagenet1k,torchvision,Semantic,arch_cnn_in1k
torchvision_convnext_tiny_imagenet1k_v1,Convolutional,classification,imagenet1k,torchvision,Semantic,arch_cnn_in1k
torchvision_densenet121_imagenet1k_v1,Convolutional,classification,imagenet1k,torchvision,Semantic,arch_cnn_in1k
torchvision_densenet169_imagenet1k_v1,Convolutional,classification,imagenet1k,torchvision,Semantic,arch_cnn_in1k
torchvision_efficientnet_b0_imagenet1k_v1,Convolutional,classification,imagenet1k,torchvision,Semantic,arch_cnn_in1k
torchvision_efficientnet_b4_imagenet1k_v1,Convolutional,classification,imagenet1k,torchvision,Semantic,arch_cnn_in1k
torchvision_efficientnet_b7_imagenet1k_v1,Convolutional,classification,imagenet1k,torchvision,Semantic,arch_cnn_in1k
torchvision_efficientnet_v2_l_imagenet1k_v1,Convolutional,classification,imagenet1k,torchvision,Semantic,arch_cnn_in1k
torchvision_efficientnet_v2_m_imagenet1k_v1,Convolutional,classification,imagenet1k,torchvision,Semantic,arch_cnn_in1k
torchvision_efficientnet_v2_s_imagenet1k_v1,Convolutional,classification,imagenet1k,torchvision,Semantic,arch_cnn_in1k
torchvision_inception_v3_imagenet1k_v1,Convolutional,classification,imagenet1k,torchvision,Semantic,arch_cnn_in1k
torchvision_mobilenet_v2_imagenet1k_v1,Convolutional,classification,imagenet1k,torchvision,Semantic,arch_cnn_in1k
torchvision_mobilenet_v3_large_imagenet1k_v1,Convolutional,classification,imagenet1k,torchvision,Semantic,arch_cnn_in1k
torchvision_resnet101_imagenet1k_v1,Convolutional,classification,imagenet1k,torchvision,Semantic,arch_cnn_in1k
torchvision_resnet152_imagenet1k_v1,Convolutional,classification,imagenet1k,torchvision,Semantic,arch_cnn_in1k
torchvision_resnet18_imagenet1k_v1,Convolutional,classification,imagenet1k,torchvision,Semantic,arch_cnn_in1k
torchvision_resnet34_imagenet1k_v1,Convolutional,classification,imagenet1k,torchvision,Semantic,arch_cnn_in1k
torchvision_resnet50_imagenet1k_v1,Convolutional,classification,imagenet1k,torchvision,Semantic,arch_cnn_in1k
torchvision_swin_b_imagenet1k_v1,Transformer,classification,imagenet1k,torchvision,Semantic,arch_transformer_in1k
torchvision_swin_s_imagenet1k_v1,Transformer,classification,imagenet1k,torchvision,Semantic,arch_transformer_in1k
torchvision_swin_t_imagenet1k_v1,Transformer,classification,imagenet1k,torchvision,Semantic,arch_transformer_in1k
torchvision_swin_v2_b_imagenet1k_v1,Transformer,classification,imagenet1k,torchvision,Semantic,arch_transformer_in1k
torchvision_swin_v2_s_imagenet1k_v1,Transformer,classification,imagenet1k,torchvision,Semantic,arch_transformer_in1k
torchvision_swin_v2_t_imagenet1k_v1,Transformer,classification,imagenet1k,torchvision,Semantic,arch_transformer_in1k
torchvision_vgg11_imagenet1k_v1,Convolutional,classification,imagenet1k,torchvision,Semantic,arch_cnn_in1k
torchvision_vgg13_imagenet1k_v1,Convolutional,classification,imagenet1k,torchvision,Semantic,arch_cnn_in1k
torchvision_vgg16_imagenet1k_v1,Convolutional,classification,imagenet1k,torchvision,Semantic,arch_cnn_in1k
torchvision_vgg19_imagenet1k_v1,Convolutional,classification,imagenet1k,torchvision,Semantic,arch_cnn_in1k
torchvision_vit_b_16_imagenet1k_v1,Transformer,classification,imagenet1k,torchvision,Semantic,arch_transformer_in1k
torchvision_vit_b_32_imagenet1k_v1,Transformer,classification,imagenet1k,torchvision,Semantic,arch_transformer_in1k
torchvision_vit_h_14_imagenet1k_swag_e2e_v1,Transformer,classification,imagenet1k_swag,torchvision,Semantic,other
torchvision_vit_h_14_imagenet1k_swag_linear_v1,Transformer,classification,imagenet1k_swag,torchvision,Semantic,other
torchvision_vit_l_16_imagenet1k_v1,Transformer,classification,imagenet1k,torchvision,Semantic,arch_transformer_in1k
tresnet_l_classification,Convolutional,classification,imagenet,timm,Semantic,arch_cnn_in1k
twins_pcpvt_base_classification,Transformer,classification,imagenet,timm,Semantic,arch_transformer_in1k
twins_svt_base_classification,Transformer,classification,imagenet,timm,Semantic,arch_transformer_in1k
vgg11_bn_classification,Convolutional,classification,imagenet,torchvision,Semantic,arch_cnn_in1k
vgg13_bn_classification,Convolutional,classification,imagenet,torchvision,Semantic,arch_cnn_in1k
vgg16_bn_classification,Convolutional,classification,imagenet,torchvision,Semantic,arch_cnn_in1k
vgg19_bn_classification,Convolutional,classification,imagenet,torchvision,Semantic,arch_cnn_in1k
vicreg_convnext_base_alpha0p9,Convolutional,selfsupervised,imagenet,vicreg,Self-Supervised,other
vicreg_convnext_xlarge_alpha0p75,Convolutional,selfsupervised,imagenet,vicreg,Self-Supervised,other
vicreg_resnet200x2,Convolutional,selfsupervised,imagenet,vicreg,Self-Supervised,other
vicreg_resnet50,Convolutional,selfsupervised,imagenet,vicreg,Self-Supervised,other
vicreg_resnet50x2,Convolutional,selfsupervised,imagenet,vicreg,Self-Supervised,other
visformer_small_classification,Transformer,classification,imagenet,timm,Semantic,arch_transformer_in1k
vissl_resnet50_barlowtwins,Convolutional,selfsupervised,imagenet,vissl,Self-Supervised,task_vissl
vissl_resnet50_deepclusterv2,Convolutional,selfsupervised,imagenet,vissl,Self-Supervised,task_vissl
vissl_resnet50_jigsaw_goyal19,Convolutional,selfsupervised,imagenet,vissl,Self-Supervised,task_vissl
vissl_resnet50_mocov2,Convolutional,selfsupervised,imagenet,vissl,Self-Supervised,task_vissl
vissl_resnet50_npid,Convolutional,selfsupervised,imagenet,vissl,Self-Supervised,task_vissl
vissl_resnet50_pirl,Convolutional,selfsupervised,imagenet,vissl,Self-Supervised,task_vissl
vissl_resnet50_rotnet,Convolutional,selfsupervised,imagenet,vissl,Self-Supervised,task_vissl
vissl_resnet50_simclr,Convolutional,selfsupervised,imagenet,vissl,Self-Supervised,task_vissl
vissl_resnet50_supervised,Convolutional,classification,imagenet,vissl,Semantic,task_vissl
vissl_resnet50_swav,Convolutional,selfsupervised,imagenet,vissl,Self-Supervised,task_vissl
vit_base_patch16_224_classification,Transformer,classification,imagenet,timm,Semantic,input_in1k_vs_in21k
vit_base_patch16_224_in21k_classification,Transformer,classification,imagenet21k,timm,Semantic,input_in1k_vs_in21k
vit_base_patch32_224_classification,Transformer,classification,imagenet,timm,Semantic,input_in1k_vs_in21k
vit_base_patch32_224_in21k_classification,Transformer,classification,imagenet21k,timm,Semantic,input_in1k_vs_in21k
vit_base_r50_s16_224_in21k_classification,Transformer,classification,imagenet21k,timm,Semantic,other
vit_large_patch16_224_classification,Transformer,classification,imagenet,timm,Semantic,input_in1k_vs_in21k
vit_large_patch16_224_in21k_classification,Transformer,classification,imagenet21k,timm,Semantic,input_in1k_vs_in21k
vit_large_patch32_224_classification,Transformer,classification,imagenet,timm,Semantic,input_in1k_vs_in21k
vit_large_patch32_224_in21k_classification,Transformer,classification,imagenet21k,timm,Semantic,input_in1k_vs_in21k
vit_small_patch16_224_classification,Transformer,classification,imagenet,timm,Semantic,input_in1k_vs_in21k
vit_small_patch16_224_in21k_classification,Transformer,classification,imagenet21k,timm,Semantic,input_in1k_vs_in21k
vit_small_patch32_224_classification,Transformer,classification,imagenet,timm,Semantic,input_in1k_vs_in21k
vit_small_patch32_224_in21k_classification,Transformer,classification,imagenet21k,timm,Semantic,input_in1k_vs_in21k
vit_tiny_patch16_224_classification,Transformer,classification,imagenet,timm,Semantic,arch_transformer_in1k
volo_d1_224_classification,Transformer,classification,imagenet,timm,Semantic,arch_transformer_in1k
volo_d3_224_classification,Transformer,classification,imagenet,timm,Semantic,arch_transformer_in1k
volo_d5_224_classification,Transformer,classification,imagenet,timm,Semantic,arch_transformer_in1k
wide_resnet101_2_classification,Convolutional,classification,imagenet,torchvision,Semantic,arch_cnn_in1k
wide_resnet50_2_classification,Convolutional,classification,imagenet,torchvision,Semantic,arch_cnn_in1k
xception65_classification,Convolutional,classification,imagenet,timm,Semantic,arch_cnn_in1k
xception_classification,Convolutional,classification,imagenet,timm,Semantic,arch_cnn_in1k
xcit_medium_24_p16_224_classification,Transformer,classification,imagenet,timm,Semantic,arch_transformer_in1k
xcit_medium_24_p8_224_classification,Transformer,classification,imagenet,timm,Semantic,arch_transformer_in1k
xcit_nano_12_p16_224_classification,Transformer,classification,imagenet,timm,Semantic,arch_transformer_in1k
xcit_nano_12_p8_224_classification,Transformer,classification,imagenet,timm,Semantic,arch_transformer_in1k
xcit_small_12_p16_224_classification,Transformer,classification,imagenet,timm,Semantic,arch_transformer_in1k
xcit_small_12_p8_224_classification,Transformer,classification,imagenet,timm,Semantic,arch_transformer_in1k
