model,eval_type,mean,ci_lo,ci_hi,n_subjects,panel,group_label,group_color,x,x_start,x_end,mean_group,ci_lo_group,ci_hi_group,deepnsd_model,model_string,model_display_name,train_type,train_data,architecture,model_class,task_cluster,compare_architecture,compare_goal_slip,compare_goal_taskonomy_tasks,compare_goal_taskonomy_cluster,compare_diet_ipcl,compare_goal_selfsupervised,compare_goal_contrastive,compare_diet_imagenetsize
vgg16_classification,crsa,0.27090256810188296,0.2206575334072113,0.31280322670936583,5,Fig2 architecture,Convolutional,#e69f00,0.0,-0.38,32.38,0.19410653473301367,0.17837303383106534,0.208583598285349,vgg16,vgg16_classification,VGG16,classification,imagenet,vgg16,Convolutional,Semantic,Convolutional,,,,,,,
densenet121_classification,crsa,0.15890975743532182,0.11289243251085282,0.21274239122867583,5,Fig2 architecture,Convolutional,#e69f00,1.0,-0.38,32.38,0.19410653473301367,0.17837303383106534,0.208583598285349,densenet121,densenet121_classification,DenseNet121,classification,imagenet,densenet121,Convolutional,Semantic,Convolutional,,,,,,,
squeezenet1_0_classification,crsa,0.28105043768882754,0.25981112122535704,0.3059713304042816,5,Fig2 architecture,Convolutional,#e69f00,2.0,-0.38,32.38,0.19410653473301367,0.17837303383106534,0.208583598285349,squeezenet1_0,squeezenet1_0_classification,SqueezeNet1.0,classification,imagenet,squeezenet1_0,Convolutional,Semantic,Convolutional,,,,,,,
mobilenetv3_large_100_classification,crsa,0.24565397799015046,0.19983627796173095,0.29558701515197755,5,Fig2 architecture,Convolutional,#e69f00,3.0,-0.38,32.38,0.19410653473301367,0.17837303383106534,0.208583598285349,mobilenetv3_large_100,mobilenetv3_large_100_classification,MobileNet-V3-Large,classification,imagenet,mobilenetv3_large_100,Convolutional,Semantic,Convolutional,,,,,,,
alexnet_classification,crsa,0.23250212967395784,0.214347642660141,0.25065661668777467,5,Fig2 architecture,Convolutional,#e69f00,4.0,-0.38,32.38,0.19410653473301367,0.17837303383106534,0.208583598285349,alexnet,alexnet_classification,AlexNet,classification,imagenet,alexnet,Convolutional,Semantic,Convolutional,,,,,,,
skresnext50_32x4d_classification,crsa,0.14773730486631392,0.08863387554883957,0.20526252388954164,5,Fig2 architecture,Convolutional,#e69f00,5.0,-0.38,32.38,0.19410653473301367,0.17837303383106534,0.208583598285349,skresnext50_32x4d,skresnext50_32x4d_classification,SKResNext50-32x4D,classification,imagenet,skresnext50_32x4d,Convolutional,Semantic,Convolutional,,,,,,,
seresnext50_32x4d_classification,crsa,0.22002436518669127,0.16903556287288665,0.25955518186092374,5,Fig2 architecture,Convolutional,#e69f00,6.0,-0.38,32.38,0.19410653473301367,0.17837303383106534,0.208583598285349,seresnext50_32x4d,seresnext50_32x4d_classification,SEResNext50-32x4D,classification,imagenet,seresnext50_32x4d,Convolutional,Semantic,Convolutional,,,,,,,
regnety_064_classification,crsa,0.15988441705703735,0.12698974907398225,0.1915243685245514,5,Fig2 architecture,Convolutional,#e69f00,7.0,-0.38,32.38,0.19410653473301367,0.17837303383106534,0.208583598285349,regnety_064,regnety_064_classification,RegNetY-64,classification,imagenet,regnety_064,Convolutional,Semantic,Convolutional,,,,,,,
semnasnet_100_classification,crsa,0.1881559431552887,0.1771998733282089,0.2020219624042511,5,Fig2 architecture,Convolutional,#e69f00,8.0,-0.38,32.38,0.19410653473301367,0.17837303383106534,0.208583598285349,semnasnet_100,semnasnet_100_classification,SemNASNet100,classification,imagenet,semnasnet_100,Convolutional,Semantic,Convolutional,,,,,,,
hardcorenas_a_classification,crsa,0.22816944718360901,0.20524972081184387,0.25108917355537413,5,Fig2 architecture,Convolutional,#e69f00,9.0,-0.38,32.38,0.19410653473301367,0.17837303383106534,0.208583598285349,hardcorenas_a,hardcorenas_a_classification,HardCoreNAS-A,classification,imagenet,hardcorenas_a,Convolutional,Semantic,Convolutional,,,,,,,
resnet18_classification,crsa,0.20037893652915956,0.18614596426486968,0.2129625916481018,5,Fig2 architecture,Convolutional,#e69f00,10.0,-0.38,32.38,0.19410653473301367,0.17837303383106534,0.208583598285349,resnet18,resnet18_classification,ResNet18,classification,imagenet,resnet18,Convolutional,Semantic,Convolutional,,,,,,,
convnext_large_classification,crsa,0.18157323598861694,0.14499348700046538,0.2181529849767685,5,Fig2 architecture,Convolutional,#e69f00,11.0,-0.38,32.38,0.19410653473301367,0.17837303383106534,0.208583598285349,convnext_large,convnext_large_classification,ConvNext-L,classification,imagenet,convnext_large,Convolutional,Semantic,Convolutional,,,,,,,imagenet
ghostnet_100_classification,crsa,0.16059576719999313,0.1247156873345375,0.2034524142742157,5,Fig2 architecture,Convolutional,#e69f00,12.0,-0.38,32.38,0.19410653473301367,0.17837303383106534,0.208583598285349,ghostnet_100,ghostnet_100_classification,GhostNet100,classification,imagenet,ghostnet_100,Convolutional,Semantic,Convolutional,,,,,,,
resnet50_classification,crsa,0.19687556922435762,0.1855051338672638,0.2055880069732666,5,Fig2 architecture,Convolutional,#e69f00,13.0,-0.38,32.38,0.19410653473301367,0.17837303383106534,0.208583598285349,resnet50,resnet50_classification,ResNet50,classification,imagenet,resnet50,Convolutional,Semantic,Convolutional,,,,,,,
shufflenet_v2_x1_0_classification,crsa,0.2150604248046875,0.19381153881549834,0.23888574838638305,5,Fig2 architecture,Convolutional,#e69f00,14.0,-0.38,32.38,0.19410653473301367,0.17837303383106534,0.208583598285349,shufflenet_v2_x1_0,shufflenet_v2_x1_0_classification,ShuffleNet-V2-x1.0,classification,imagenet,shufflenet_v2_x1_0,Convolutional,Semantic,Convolutional,,,,,,,
inception_v3_classification,crsa,0.1707472622394562,0.14960807859897612,0.18869405388832092,5,Fig2 architecture,Convolutional,#e69f00,15.0,-0.38,32.38,0.19410653473301367,0.17837303383106534,0.208583598285349,inception_v3,inception_v3_classification,Inception-V3,classification,imagenet,inception_v3,Convolutional,Semantic,Convolutional,,,,,,,
dla34_classification,crsa,0.18313563764095306,0.13950657546520234,0.24471337199211118,5,Fig2 architecture,Convolutional,#e69f00,16.0,-0.38,32.38,0.19410653473301367,0.17837303383106534,0.208583598285349,dla34,dla34_classification,DLA34,classification,imagenet,dla34,Convolutional,Semantic,Convolutional,,,,,,,
efficientnet_b3_classification,crsa,0.2133582353591919,0.15963053405284883,0.2802795469760895,5,Fig2 architecture,Convolutional,#e69f00,17.0,-0.38,32.38,0.19410653473301367,0.17837303383106534,0.208583598285349,efficientnet_b3,efficientnet_b3_classification,EfficientNet-B3,classification,imagenet,efficientnet_b3,Convolutional,Semantic,Convolutional,,,,,,,
nf_resnet50_classification,crsa,0.16157750636339188,0.11924787908792496,0.19420307278633117,5,Fig2 architecture,Convolutional,#e69f00,18.0,-0.38,32.38,0.19410653473301367,0.17837303383106534,0.208583598285349,nf_resnet50,nf_resnet50_classification,NF-ResNet50,classification,imagenet,nf_resnet50,Convolutional,Semantic,Convolutional,,,,,,,
gmixer_24_224_classification,crsa,0.06455309912562371,0.030464760959148407,0.098641437292099,5,Fig2 architecture,Convolutional,#e69f00,19.0,-0.38,32.38,0.19410653473301367,0.17837303383106534,0.208583598285349,gmixer_24_224,gmixer_24_224_classification,GMixer-24,classification,imagenet,gmixer_24_224,Convolutional,Semantic,Convolutional,,,,,,,
resnet152_classification,crsa,0.15736437290906907,0.11960163246840241,0.21425667107105256,5,Fig2 architecture,Convolutional,#e69f00,20.0,-0.38,32.38,0.19410653473301367,0.17837303383106534,0.208583598285349,resnet152,resnet152_classification,ResNet152,classification,imagenet,resnet152,Convolutional,Semantic,Convolutional,,,,,,,
googlenet_classification,crsa,0.1925519436597824,0.16440411508083344,0.21547890901565553,5,Fig2 architecture,Convolutional,#e69f00,21.0,-0.38,32.38,0.19410653473301367,0.17837303383106534,0.208583598285349,googlenet,googlenet_classification,GoogleNet,classification,imagenet,googlenet,Convolutional,Semantic,Convolutional,,,,,,,
nfnet_l0_classification,crsa,0.23686294555664061,0.19541074633598327,0.2775852620601654,5,Fig2 architecture,Convolutional,#e69f00,22.0,-0.38,32.38,0.19410653473301367,0.17837303383106534,0.208583598285349,nfnet_l0,nfnet_l0_classification,NF-Net-L0,classification,imagenet,nfnet_l0,Convolutional,Semantic,Convolutional,,,,,,,
eca_nfnet_l0_classification,crsa,0.22094810009002686,0.1916820526123047,0.2477858155965805,5,Fig2 architecture,Convolutional,#e69f00,23.0,-0.38,32.38,0.19410653473301367,0.17837303383106534,0.208583598285349,eca_nfnet_l0,eca_nfnet_l0_classification,ECA-NFNeT-L0,classification,imagenet,eca_nfnet_l0,Convolutional,Semantic,Convolutional,,,,,,,
xception_classification,crsa,0.20726687014102935,0.16222245693206788,0.2551897495985031,5,Fig2 architecture,Convolutional,#e69f00,24.0,-0.38,32.38,0.19410653473301367,0.17837303383106534,0.208583598285349,xception,xception_classification,XCeption,classification,imagenet,xception,Convolutional,Semantic,Convolutional,,,,,,,
hardcorenas_f_classification,crsa,0.22725558280944824,0.19798098802566527,0.2565301775932312,5,Fig2 architecture,Convolutional,#e69f00,25.0,-0.38,32.38,0.19410653473301367,0.17837303383106534,0.208583598285349,hardcorenas_f,hardcorenas_f_classification,HardCoreNAS-F,classification,imagenet,hardcorenas_f,Convolutional,Semantic,Convolutional,,,,,,,
resnet101_classification,crsa,0.21798981130123138,0.18524256348609924,0.2507370591163635,5,Fig2 architecture,Convolutional,#e69f00,26.0,-0.38,32.38,0.19410653473301367,0.17837303383106534,0.208583598285349,resnet101,resnet101_classification,ResNet101,classification,imagenet,resnet101,Convolutional,Semantic,Convolutional,,,,,,,
regnetx_064_classification,crsa,0.21679477393627167,0.2006998211145401,0.23926023542881011,5,Fig2 architecture,Convolutional,#e69f00,27.0,-0.38,32.38,0.19410653473301367,0.17837303383106534,0.208583598285349,regnetx_064,regnetx_064_classification,RegNetX-64,classification,imagenet,regnetx_064,Convolutional,Semantic,Convolutional,,,,,,,
cspresnet50_classification,crsa,0.21252205967903137,0.17150215804576874,0.24447114765644073,5,Fig2 architecture,Convolutional,#e69f00,28.0,-0.38,32.38,0.19410653473301367,0.17837303383106534,0.208583598285349,cspresnet50,cspresnet50_classification,CSP-ResNet50,classification,imagenet,cspresnet50,Convolutional,Semantic,Convolutional,,,,,,,
mobilenet_v2_classification,crsa,0.14767999425530434,0.08495474681258203,0.20859785079956056,5,Fig2 architecture,Convolutional,#e69f00,29.0,-0.38,32.38,0.19410653473301367,0.17837303383106534,0.208583598285349,mobilenet_v2,mobilenet_v2_classification,MobileNet-V2,classification,imagenet,mobilenet_v2,Convolutional,Semantic,Convolutional,,,,,,,
mnasnet1_0_classification,crsa,0.22601354122161865,0.18572134375572205,0.25747035145759584,5,Fig2 architecture,Convolutional,#e69f00,30.0,-0.38,32.38,0.19410653473301367,0.17837303383106534,0.208583598285349,mnasnet1_0,mnasnet1_0_classification,MNASNet1.0,classification,imagenet,mnasnet1_0,Convolutional,Semantic,Convolutional,,,,,,,
convnext_base_classification,crsa,0.10447211191058159,0.0740791954100132,0.13454618901014329,5,Fig2 architecture,Convolutional,#e69f00,31.0,-0.38,32.38,0.19410653473301367,0.17837303383106534,0.208583598285349,convnext_base,convnext_base_classification,ConvNext-B,classification,imagenet,convnext_base,Convolutional,Semantic,Convolutional,,,,,,,imagenet
gmlp_s16_224_classification,crsa,0.1569475159049034,0.1277880549430847,0.19222008287906647,5,Fig2 architecture,Convolutional,#e69f00,32.0,-0.38,32.38,0.19410653473301367,0.17837303383106534,0.208583598285349,gmlp_s16_224,gmlp_s16_224_classification,GMLP-S16,classification,imagenet,gmlp_s16_224,Convolutional,Semantic,Convolutional,,,,,,,
vgg16_classification,wrsa,0.26083687245845794,0.2223740190267563,0.3018430799245834,5,Fig2 architecture,Convolutional,#e69f00,0.0,-0.38,32.38,0.3468427565964785,0.33629245360015014,0.35725677690722724,vgg16,vgg16_classification,VGG16,classification,imagenet,vgg16,Convolutional,Semantic,Convolutional,,,,,,,
densenet121_classification,wrsa,0.2982645362615585,0.20684385001659394,0.3728687047958374,5,Fig2 architecture,Convolutional,#e69f00,1.0,-0.38,32.38,0.3468427565964785,0.33629245360015014,0.35725677690722724,densenet121,densenet121_classification,DenseNet121,classification,imagenet,densenet121,Convolutional,Semantic,Convolutional,,,,,,,
squeezenet1_0_classification,wrsa,0.30739250779151917,0.28074146509170533,0.334043550491333,5,Fig2 architecture,Convolutional,#e69f00,2.0,-0.38,32.38,0.3468427565964785,0.33629245360015014,0.35725677690722724,squeezenet1_0,squeezenet1_0_classification,SqueezeNet1.0,classification,imagenet,squeezenet1_0,Convolutional,Semantic,Convolutional,,,,,,,
mobilenetv3_large_100_classification,wrsa,0.3093615919351578,0.2563355028629303,0.3623876810073853,5,Fig2 architecture,Convolutional,#e69f00,3.0,-0.38,32.38,0.3468427565964785,0.33629245360015014,0.35725677690722724,mobilenetv3_large_100,mobilenetv3_large_100_classification,MobileNet-V3-Large,classification,imagenet,mobilenetv3_large_100,Convolutional,Semantic,Convolutional,,,,,,,
alexnet_classification,wrsa,0.3147199034690857,0.28955394625663755,0.3398858606815338,5,Fig2 architecture,Convolutional,#e69f00,4.0,-0.38,32.38,0.3468427565964785,0.33629245360015014,0.35725677690722724,alexnet,alexnet_classification,AlexNet,classification,imagenet,alexnet,Convolutional,Semantic,Convolutional,,,,,,,
skresnext50_32x4d_classification,wrsa,0.31711670756340027,0.28075135946273805,0.3533017933368683,5,Fig2 architecture,Convolutional,#e69f00,5.0,-0.38,32.38,0.3468427565964785,0.33629245360015014,0.35725677690722724,skresnext50_32x4d,skresnext50_32x4d_classification,SKResNext50-32x4D,classification,imagenet,skresnext50_32x4d,Convolutional,Semantic,Convolutional,,,,,,,
seresnext50_32x4d_classification,wrsa,0.3192621856927872,0.2647861331701279,0.35754682421684264,5,Fig2 architecture,Convolutional,#e69f00,6.0,-0.38,32.38,0.3468427565964785,0.33629245360015014,0.35725677690722724,seresnext50_32x4d,seresnext50_32x4d_classification,SEResNext50-32x4D,classification,imagenet,seresnext50_32x4d,Convolutional,Semantic,Convolutional,,,,,,,
regnety_064_classification,wrsa,0.32363571524620055,0.2233448565006256,0.4027927815914154,5,Fig2 architecture,Convolutional,#e69f00,7.0,-0.38,32.38,0.3468427565964785,0.33629245360015014,0.35725677690722724,regnety_064,regnety_064_classification,RegNetY-64,classification,imagenet,regnety_064,Convolutional,Semantic,Convolutional,,,,,,,
semnasnet_100_classification,wrsa,0.32401166558265687,0.26834646463394163,0.3701505959033966,5,Fig2 architecture,Convolutional,#e69f00,8.0,-0.38,32.38,0.3468427565964785,0.33629245360015014,0.35725677690722724,semnasnet_100,semnasnet_100_classification,SemNASNet100,classification,imagenet,semnasnet_100,Convolutional,Semantic,Convolutional,,,,,,,
hardcorenas_a_classification,wrsa,0.3284346044063568,0.26433728337287904,0.3723667860031128,5,Fig2 architecture,Convolutional,#e69f00,9.0,-0.38,32.38,0.3468427565964785,0.33629245360015014,0.35725677690722724,hardcorenas_a,hardcorenas_a_classification,HardCoreNAS-A,classification,imagenet,hardcorenas_a,Convolutional,Semantic,Convolutional,,,,,,,
resnet18_classification,wrsa,0.33523175716400144,0.2712480664253235,0.38942628502845766,5,Fig2 architecture,Convolutional,#e69f00,10.0,-0.38,32.38,0.3468427565964785,0.33629245360015014,0.35725677690722724,resnet18,resnet18_classification,ResNet18,classification,imagenet,resnet18,Convolutional,Semantic,Convolutional,,,,,,,
convnext_large_classification,wrsa,0.3383179694414139,0.2731756865978241,0.40346025228500365,5,Fig2 architecture,Convolutional,#e69f00,11.0,-0.38,32.38,0.3468427565964785,0.33629245360015014,0.35725677690722724,convnext_large,convnext_large_classification,ConvNext-L,classification,imagenet,convnext_large,Convolutional,Semantic,Convolutional,,,,,,,imagenet
ghostnet_100_classification,wrsa,0.3399071156978607,0.30000181794166564,0.3888320028781891,5,Fig2 architecture,Convolutional,#e69f00,12.0,-0.38,32.38,0.3468427565964785,0.33629245360015014,0.35725677690722724,ghostnet_100,ghostnet_100_classification,GhostNet100,classification,imagenet,ghostnet_100,Convolutional,Semantic,Convolutional,,,,,,,
resnet50_classification,wrsa,0.3422485411167145,0.29811628460884093,0.386380797624588,5,Fig2 architecture,Convolutional,#e69f00,13.0,-0.38,32.38,0.3468427565964785,0.33629245360015014,0.35725677690722724,resnet50,resnet50_classification,ResNet50,classification,imagenet,resnet50,Convolutional,Semantic,Convolutional,,,,,,,
shufflenet_v2_x1_0_classification,wrsa,0.3433138579130173,0.25547283589839936,0.397996312379837,5,Fig2 architecture,Convolutional,#e69f00,14.0,-0.38,32.38,0.3468427565964785,0.33629245360015014,0.35725677690722724,shufflenet_v2_x1_0,shufflenet_v2_x1_0_classification,ShuffleNet-V2-x1.0,classification,imagenet,shufflenet_v2_x1_0,Convolutional,Semantic,Convolutional,,,,,,,
inception_v3_classification,wrsa,0.3451083540916443,0.28899445533752444,0.4012222528457642,5,Fig2 architecture,Convolutional,#e69f00,15.0,-0.38,32.38,0.3468427565964785,0.33629245360015014,0.35725677690722724,inception_v3,inception_v3_classification,Inception-V3,classification,imagenet,inception_v3,Convolutional,Semantic,Convolutional,,,,,,,
dla34_classification,wrsa,0.3484298408031464,0.30580288767814634,0.3764398157596588,5,Fig2 architecture,Convolutional,#e69f00,16.0,-0.38,32.38,0.3468427565964785,0.33629245360015014,0.35725677690722724,dla34,dla34_classification,DLA34,classification,imagenet,dla34,Convolutional,Semantic,Convolutional,,,,,,,
efficientnet_b3_classification,wrsa,0.34985545873641966,0.2984233915805817,0.4012875258922577,5,Fig2 architecture,Convolutional,#e69f00,17.0,-0.38,32.38,0.3468427565964785,0.33629245360015014,0.35725677690722724,efficientnet_b3,efficientnet_b3_classification,EfficientNet-B3,classification,imagenet,efficientnet_b3,Convolutional,Semantic,Convolutional,,,,,,,
nf_resnet50_classification,wrsa,0.3510982871055603,0.307537305355072,0.3960092544555664,5,Fig2 architecture,Convolutional,#e69f00,18.0,-0.38,32.38,0.3468427565964785,0.33629245360015014,0.35725677690722724,nf_resnet50,nf_resnet50_classification,NF-ResNet50,classification,imagenet,nf_resnet50,Convolutional,Semantic,Convolutional,,,,,,,
gmixer_24_224_classification,wrsa,0.3530497968196869,0.2778639256954193,0.41357332468032837,5,Fig2 architecture,Convolutional,#e69f00,19.0,-0.38,32.38,0.3468427565964785,0.33629245360015014,0.35725677690722724,gmixer_24_224,gmixer_24_224_classification,GMixer-24,classification,imagenet,gmixer_24_224,Convolutional,Semantic,Convolutional,,,,,,,
resnet152_classification,wrsa,0.3571894556283951,0.28738842010498045,0.414545476436615,5,Fig2 architecture,Convolutional,#e69f00,20.0,-0.38,32.38,0.3468427565964785,0.33629245360015014,0.35725677690722724,resnet152,resnet152_classification,ResNet152,classification,imagenet,resnet152,Convolutional,Semantic,Convolutional,,,,,,,
googlenet_classification,wrsa,0.35891384482383726,0.3341687798500061,0.3836589097976685,5,Fig2 architecture,Convolutional,#e69f00,21.0,-0.38,32.38,0.3468427565964785,0.33629245360015014,0.35725677690722724,googlenet,googlenet_classification,GoogleNet,classification,imagenet,googlenet,Convolutional,Semantic,Convolutional,,,,,,,
nfnet_l0_classification,wrsa,0.36152544617652893,0.3367306888103485,0.3929031252861023,5,Fig2 architecture,Convolutional,#e69f00,22.0,-0.38,32.38,0.3468427565964785,0.33629245360015014,0.35725677690722724,nfnet_l0,nfnet_l0_classification,NF-Net-L0,classification,imagenet,nfnet_l0,Convolutional,Semantic,Convolutional,,,,,,,
eca_nfnet_l0_classification,wrsa,0.36311598122119904,0.2992622584104538,0.4177419662475586,5,Fig2 architecture,Convolutional,#e69f00,23.0,-0.38,32.38,0.3468427565964785,0.33629245360015014,0.35725677690722724,eca_nfnet_l0,eca_nfnet_l0_classification,ECA-NFNeT-L0,classification,imagenet,eca_nfnet_l0,Convolutional,Semantic,Convolutional,,,,,,,
xception_classification,wrsa,0.3683284640312195,0.3281353235244751,0.4085216045379639,5,Fig2 architecture,Convolutional,#e69f00,24.0,-0.38,32.38,0.3468427565964785,0.33629245360015014,0.35725677690722724,xception,xception_classification,XCeption,classification,imagenet,xception,Convolutional,Semantic,Convolutional,,,,,,,
hardcorenas_f_classification,wrsa,0.3700529456138611,0.2884731888771057,0.4436060547828674,5,Fig2 architecture,Convolutional,#e69f00,25.0,-0.38,32.38,0.3468427565964785,0.33629245360015014,0.35725677690722724,hardcorenas_f,hardcorenas_f_classification,HardCoreNAS-F,classification,imagenet,hardcorenas_f,Convolutional,Semantic,Convolutional,,,,,,,
resnet101_classification,wrsa,0.37537783980369566,0.3353867709636688,0.40752558708190917,5,Fig2 architecture,Convolutional,#e69f00,26.0,-0.38,32.38,0.3468427565964785,0.33629245360015014,0.35725677690722724,resnet101,resnet101_classification,ResNet101,classification,imagenet,resnet101,Convolutional,Semantic,Convolutional,,,,,,,
regnetx_064_classification,wrsa,0.3786452054977417,0.35903114080429077,0.4015379786491394,5,Fig2 architecture,Convolutional,#e69f00,27.0,-0.38,32.38,0.3468427565964785,0.33629245360015014,0.35725677690722724,regnetx_064,regnetx_064_classification,RegNetX-64,classification,imagenet,regnetx_064,Convolutional,Semantic,Convolutional,,,,,,,
cspresnet50_classification,wrsa,0.3796884596347809,0.34570151567459106,0.41020411252975464,5,Fig2 architecture,Convolutional,#e69f00,28.0,-0.38,32.38,0.3468427565964785,0.33629245360015014,0.35725677690722724,cspresnet50,cspresnet50_classification,CSP-ResNet50,classification,imagenet,cspresnet50,Convolutional,Semantic,Convolutional,,,,,,,
mobilenet_v2_classification,wrsa,0.38869349360466005,0.35117589831352236,0.426334410905838,5,Fig2 architecture,Convolutional,#e69f00,29.0,-0.38,32.38,0.3468427565964785,0.33629245360015014,0.35725677690722724,mobilenet_v2,mobilenet_v2_classification,MobileNet-V2,classification,imagenet,mobilenet_v2,Convolutional,Semantic,Convolutional,,,,,,,
mnasnet1_0_classification,wrsa,0.3923578679561615,0.3671237289905548,0.4175920069217682,5,Fig2 architecture,Convolutional,#e69f00,30.0,-0.38,32.38,0.3468427565964785,0.33629245360015014,0.35725677690722724,mnasnet1_0,mnasnet1_0_classification,MNASNet1.0,classification,imagenet,mnasnet1_0,Convolutional,Semantic,Convolutional,,,,,,,
convnext_base_classification,wrsa,0.3996704638004303,0.3509896039962769,0.4481291651725769,5,Fig2 architecture,Convolutional,#e69f00,31.0,-0.38,32.38,0.3468427565964785,0.33629245360015014,0.35725677690722724,convnext_base,convnext_base_classification,ConvNext-B,classification,imagenet,convnext_base,Convolutional,Semantic,Convolutional,,,,,,,imagenet
gmlp_s16_224_classification,wrsa,0.402654230594635,0.35708402991294863,0.4482244312763214,5,Fig2 architecture,Convolutional,#e69f00,32.0,-0.38,32.38,0.3468427565964785,0.33629245360015014,0.35725677690722724,gmlp_s16_224,gmlp_s16_224_classification,GMLP-S16,classification,imagenet,gmlp_s16_224,Convolutional,Semantic,Convolutional,,,,,,,
xcit_nano_12_p16_224_classification,crsa,0.13803948760032653,0.11736423373222352,0.15594329237937926,5,Fig2 architecture,Transformer,#0072b2,35.0,34.62,55.38,0.15625310660827726,0.1351421874530968,0.17871600368902796,xcit_nano_12_p16_224,xcit_nano_12_p16_224_classification,XCIT-N-12-P16,classification,imagenet,xcit_nano_12_p16_224,Transformer,Semantic,Transformer,,,,,,,
xcit_nano_12_p8_224_classification,crsa,0.17184185981750488,0.14317523539066315,0.20040086507797242,5,Fig2 architecture,Transformer,#0072b2,36.0,34.62,55.38,0.15625310660827726,0.1351421874530968,0.17871600368902796,xcit_nano_12_p8_224,xcit_nano_12_p8_224_classification,XCIT-N-12-P8,classification,imagenet,xcit_nano_12_p8_224,Transformer,Semantic,Transformer,,,,,,,
crossvit_base_240_classification,crsa,0.2405121386051178,0.21006740629673004,0.2681322664022446,5,Fig2 architecture,Transformer,#0072b2,37.0,34.62,55.38,0.15625310660827726,0.1351421874530968,0.17871600368902796,crossvit_base_240,crossvit_base_240_classification,CrossViT-B,classification,imagenet,crossvit_base_240,Transformer,Semantic,Transformer,,,,,,,
swin_large_patch4_window7_224_classification,crsa,0.07169879227876663,0.0034178137779235784,0.14167141690850257,5,Fig2 architecture,Transformer,#0072b2,38.0,34.62,55.38,0.15625310660827726,0.1351421874530968,0.17871600368902796,swin_large_patch4_window7_224,swin_large_patch4_window7_224_classification,Swin-L-P4-W7,classification,imagenet,swin_large_patch4_window7_224,Transformer,Semantic,Transformer,,,,,,,imagenet
vit_large_patch16_224_classification,crsa,0.1428312689065933,0.10165184140205383,0.17253453135490418,5,Fig2 architecture,Transformer,#0072b2,39.0,34.62,55.38,0.15625310660827726,0.1351421874530968,0.17871600368902796,vit_large_patch16_224,vit_large_patch16_224_classification,ViT-L-P16,classification,imagenet,vit_large_patch16_224,Transformer,Semantic,Transformer,,,,,,,imagenet
vit_small_patch16_224_classification,crsa,0.17577851712703704,0.14733955562114714,0.203804549574852,5,Fig2 architecture,Transformer,#0072b2,40.0,34.62,55.38,0.15625310660827726,0.1351421874530968,0.17871600368902796,vit_small_patch16_224,vit_small_patch16_224_classification,ViT-S-P16,classification,imagenet,vit_small_patch16_224,Transformer,Semantic,Transformer,,,,,,,imagenet
vit_tiny_patch16_224_classification,crsa,0.13567915707826614,0.12238219529390335,0.14803793430328369,5,Fig2 architecture,Transformer,#0072b2,41.0,34.62,55.38,0.15625310660827726,0.1351421874530968,0.17871600368902796,vit_tiny_patch16_224,vit_tiny_patch16_224_classification,ViT-T-P16,classification,imagenet,vit_tiny_patch16_224,Transformer,Semantic,Transformer,,,,,,,
vit_base_patch32_224_classification,crsa,0.2426292896270752,0.21404401063919068,0.2706816911697388,5,Fig2 architecture,Transformer,#0072b2,42.0,34.62,55.38,0.15625310660827726,0.1351421874530968,0.17871600368902796,vit_base_patch32_224,vit_base_patch32_224_classification,ViT-B-P32,classification,imagenet,vit_base_patch32_224,Transformer,Semantic,Transformer,,,,,,,imagenet
coat_lite_tiny_classification,crsa,0.0934193640947342,0.06858483999967575,0.11825388818979263,5,Fig2 architecture,Transformer,#0072b2,43.0,34.62,55.38,0.15625310660827726,0.1351421874530968,0.17871600368902796,coat_lite_tiny,coat_lite_tiny_classification,CoaT-Lite-Tiny,classification,imagenet,coat_lite_tiny,Transformer,Semantic,Transformer,,,,,,,
visformer_small_classification,crsa,0.21667911112308502,0.1993330627679825,0.243377286195755,5,Fig2 architecture,Transformer,#0072b2,44.0,34.62,55.38,0.15625310660827726,0.1351421874530968,0.17871600368902796,visformer_small,visformer_small_classification,Visformer,classification,imagenet,visformer_small,Transformer,Semantic,Transformer,,,,,,,
vit_small_patch32_224_classification,crsa,0.21650444567203522,0.1913500487804413,0.2422652006149292,5,Fig2 architecture,Transformer,#0072b2,45.0,34.62,55.38,0.15625310660827726,0.1351421874530968,0.17871600368902796,vit_small_patch32_224,vit_small_patch32_224_classification,ViT-S-P32,classification,imagenet,vit_small_patch32_224,Transformer,Semantic,Transformer,,,,,,,imagenet
tnt_s_patch16_224_classification,crsa,0.1706148564815521,0.14023814499378204,0.2127821832895279,5,Fig2 architecture,Transformer,#0072b2,46.0,34.62,55.38,0.15625310660827726,0.1351421874530968,0.17871600368902796,tnt_s_patch16_224,tnt_s_patch16_224_classification,TnT-P16-224,classification,imagenet,tnt_s_patch16_224,Transformer,Semantic,Transformer,,,,,,,
jx_nest_tiny_classification,crsa,0.14583926349878312,0.11364310383796691,0.18194759786128997,5,Fig2 architecture,Transformer,#0072b2,47.0,34.62,55.38,0.15625310660827726,0.1351421874530968,0.17871600368902796,jx_nest_tiny,jx_nest_tiny_classification,JX-NesT-Tiny,classification,imagenet,jx_nest_tiny,Transformer,Semantic,Transformer,,,,,,,
deit_base_patch16_224_classification,crsa,0.12467517703771591,0.09195786267518997,0.15569473206996917,5,Fig2 architecture,Transformer,#0072b2,48.0,34.62,55.38,0.15625310660827726,0.1351421874530968,0.17871600368902796,deit_base_patch16_224,deit_base_patch16_224_classification,DeiT-B-P16-224,classification,imagenet,deit_base_patch16_224,Transformer,Semantic,Transformer,,,,,,,
pit_b_224_classification,crsa,0.08795993775129318,0.06024099141359329,0.11511549055576324,5,Fig2 architecture,Transformer,#0072b2,49.0,34.62,55.38,0.15625310660827726,0.1351421874530968,0.17871600368902796,pit_b_224,pit_b_224_classification,PiT-B-224,classification,imagenet,pit_b_224,Transformer,Semantic,Transformer,,,,,,,
poolformer_s36_classification,crsa,0.1153390422463417,0.08965341299772263,0.14102467149496078,5,Fig2 architecture,Transformer,#0072b2,50.0,34.62,55.38,0.15625310660827726,0.1351421874530968,0.17871600368902796,poolformer_s36,poolformer_s36_classification,PoolFormer-S36,classification,imagenet,poolformer_s36,Transformer,Semantic,Transformer,,,,,,,
vit_base_patch16_224_classification,crsa,0.12612760066986084,0.10912999510765076,0.14938317984342575,5,Fig2 architecture,Transformer,#0072b2,51.0,34.62,55.38,0.15625310660827726,0.1351421874530968,0.17871600368902796,vit_base_patch16_224,vit_base_patch16_224_classification,ViT-B-P16,classification,imagenet,vit_base_patch16_224,Transformer,Semantic,Transformer,,,,,,,imagenet
swin_base_patch4_window7_224_classification,crsa,0.12857774794101715,0.07854905873537063,0.17498114556074143,5,Fig2 architecture,Transformer,#0072b2,52.0,34.62,55.38,0.15625310660827726,0.1351421874530968,0.17871600368902796,swin_base_patch4_window7_224,swin_base_patch4_window7_224_classification,Swin-B-P4-W7,classification,imagenet,swin_base_patch4_window7_224,Transformer,Semantic,Transformer,,,,,,,imagenet
pit_ti_224_classification,crsa,0.13007789850234985,0.11480668485164643,0.1470744341611862,5,Fig2 architecture,Transformer,#0072b2,53.0,34.62,55.38,0.15625310660827726,0.1351421874530968,0.17871600368902796,pit_ti_224,pit_ti_224_classification,PiT-T-224,classification,imagenet,pit_ti_224,Transformer,Semantic,Transformer,,,,,,,
levit_128_classification,crsa,0.2554974615573883,0.2186605751514435,0.2871095657348633,5,Fig2 architecture,Transformer,#0072b2,54.0,34.62,55.38,0.15625310660827726,0.1351421874530968,0.17871600368902796,levit_128,levit_128_classification,LeViT128,classification,imagenet,levit_128,Transformer,Semantic,Transformer,,,,,,,
swin_tiny_patch4_window7_224_classification,crsa,0.1509928211569786,0.1093732848763466,0.20058079659938813,5,Fig2 architecture,Transformer,#0072b2,55.0,34.62,55.38,0.15625310660827726,0.1351421874530968,0.17871600368902796,swin_tiny_patch4_window7_224,swin_tiny_patch4_window7_224_classification,Swin-T-P4-W7,classification,imagenet,swin_tiny_patch4_window7_224,Transformer,Semantic,Transformer,,,,,,,
xcit_nano_12_p16_224_classification,wrsa,0.3199539065361023,0.25264586210250856,0.3940807104110718,5,Fig2 architecture,Transformer,#0072b2,35.0,34.62,55.38,0.36797932499930974,0.357580441541615,0.3782490262992325,xcit_nano_12_p16_224,xcit_nano_12_p16_224_classification,XCIT-N-12-P16,classification,imagenet,xcit_nano_12_p16_224,Transformer,Semantic,Transformer,,,,,,,
xcit_nano_12_p8_224_classification,wrsa,0.33125642240047454,0.2761636942625046,0.3786068320274353,5,Fig2 architecture,Transformer,#0072b2,36.0,34.62,55.38,0.36797932499930974,0.357580441541615,0.3782490262992325,xcit_nano_12_p8_224,xcit_nano_12_p8_224_classification,XCIT-N-12-P8,classification,imagenet,xcit_nano_12_p8_224,Transformer,Semantic,Transformer,,,,,,,
crossvit_base_240_classification,wrsa,0.33548618853092194,0.2809822797775269,0.3890250980854034,5,Fig2 architecture,Transformer,#0072b2,37.0,34.62,55.38,0.36797932499930974,0.357580441541615,0.3782490262992325,crossvit_base_240,crossvit_base_240_classification,CrossViT-B,classification,imagenet,crossvit_base_240,Transformer,Semantic,Transformer,,,,,,,
swin_large_patch4_window7_224_classification,wrsa,0.3473854660987854,0.30424992442131044,0.39052100777626036,5,Fig2 architecture,Transformer,#0072b2,38.0,34.62,55.38,0.36797932499930974,0.357580441541615,0.3782490262992325,swin_large_patch4_window7_224,swin_large_patch4_window7_224_classification,Swin-L-P4-W7,classification,imagenet,swin_large_patch4_window7_224,Transformer,Semantic,Transformer,,,,,,,imagenet
vit_large_patch16_224_classification,wrsa,0.34986636638641355,0.2746567726135254,0.4060947775840759,5,Fig2 architecture,Transformer,#0072b2,39.0,34.62,55.38,0.36797932499930974,0.357580441541615,0.3782490262992325,vit_large_patch16_224,vit_large_patch16_224_classification,ViT-L-P16,classification,imagenet,vit_large_patch16_224,Transformer,Semantic,Transformer,,,,,,,imagenet
vit_small_patch16_224_classification,wrsa,0.3506989121437073,0.2792490363121033,0.40668222308158875,5,Fig2 architecture,Transformer,#0072b2,40.0,34.62,55.38,0.36797932499930974,0.357580441541615,0.3782490262992325,vit_small_patch16_224,vit_small_patch16_224_classification,ViT-S-P16,classification,imagenet,vit_small_patch16_224,Transformer,Semantic,Transformer,,,,,,,imagenet
vit_tiny_patch16_224_classification,wrsa,0.35626561045646665,0.3312870681285858,0.3935521304607391,5,Fig2 architecture,Transformer,#0072b2,41.0,34.62,55.38,0.36797932499930974,0.357580441541615,0.3782490262992325,vit_tiny_patch16_224,vit_tiny_patch16_224_classification,ViT-T-P16,classification,imagenet,vit_tiny_patch16_224,Transformer,Semantic,Transformer,,,,,,,
vit_base_patch32_224_classification,wrsa,0.3579365313053131,0.30702950358390807,0.4068980097770691,5,Fig2 architecture,Transformer,#0072b2,42.0,34.62,55.38,0.36797932499930974,0.357580441541615,0.3782490262992325,vit_base_patch32_224,vit_base_patch32_224_classification,ViT-B-P32,classification,imagenet,vit_base_patch32_224,Transformer,Semantic,Transformer,,,,,,,imagenet
coat_lite_tiny_classification,wrsa,0.36170952320098876,0.2986274242401123,0.4179590344429016,5,Fig2 architecture,Transformer,#0072b2,43.0,34.62,55.38,0.36797932499930974,0.357580441541615,0.3782490262992325,coat_lite_tiny,coat_lite_tiny_classification,CoaT-Lite-Tiny,classification,imagenet,coat_lite_tiny,Transformer,Semantic,Transformer,,,,,,,
visformer_small_classification,wrsa,0.36293627619743346,0.30849323272705076,0.41737931966781616,5,Fig2 architecture,Transformer,#0072b2,44.0,34.62,55.38,0.36797932499930974,0.357580441541615,0.3782490262992325,visformer_small,visformer_small_classification,Visformer,classification,imagenet,visformer_small,Transformer,Semantic,Transformer,,,,,,,
vit_small_patch32_224_classification,wrsa,0.36519275307655336,0.312693589925766,0.41136019229888915,5,Fig2 architecture,Transformer,#0072b2,45.0,34.62,55.38,0.36797932499930974,0.357580441541615,0.3782490262992325,vit_small_patch32_224,vit_small_patch32_224_classification,ViT-S-P32,classification,imagenet,vit_small_patch32_224,Transformer,Semantic,Transformer,,,,,,,imagenet
tnt_s_patch16_224_classification,wrsa,0.36821686625480654,0.32447587251663207,0.42078887224197387,5,Fig2 architecture,Transformer,#0072b2,46.0,34.62,55.38,0.36797932499930974,0.357580441541615,0.3782490262992325,tnt_s_patch16_224,tnt_s_patch16_224_classification,TnT-P16-224,classification,imagenet,tnt_s_patch16_224,Transformer,Semantic,Transformer,,,,,,,
jx_nest_tiny_classification,wrsa,0.3720010340213776,0.3003711462020874,0.42844719886779786,5,Fig2 architecture,Transformer,#0072b2,47.0,34.62,55.38,0.36797932499930974,0.357580441541615,0.3782490262992325,jx_nest_tiny,jx_nest_tiny_classification,JX-NesT-Tiny,classification,imagenet,jx_nest_tiny,Transformer,Semantic,Transformer,,,,,,,
deit_base_patch16_224_classification,wrsa,0.3794094562530518,0.3441582918167114,0.4146606206893921,5,Fig2 architecture,Transformer,#0072b2,48.0,34.62,55.38,0.36797932499930974,0.357580441541615,0.3782490262992325,deit_base_patch16_224,deit_base_patch16_224_classification,DeiT-B-P16-224,classification,imagenet,deit_base_patch16_224,Transformer,Semantic,Transformer,,,,,,,
pit_b_224_classification,wrsa,0.383732807636261,0.33269585371017457,0.43232661485671997,5,Fig2 architecture,Transformer,#0072b2,49.0,34.62,55.38,0.36797932499930974,0.357580441541615,0.3782490262992325,pit_b_224,pit_b_224_classification,PiT-B-224,classification,imagenet,pit_b_224,Transformer,Semantic,Transformer,,,,,,,
poolformer_s36_classification,wrsa,0.387419992685318,0.3398502469062805,0.43055768609046935,5,Fig2 architecture,Transformer,#0072b2,50.0,34.62,55.38,0.36797932499930974,0.357580441541615,0.3782490262992325,poolformer_s36,poolformer_s36_classification,PoolFormer-S36,classification,imagenet,poolformer_s36,Transformer,Semantic,Transformer,,,,,,,
vit_base_patch16_224_classification,wrsa,0.3904248595237732,0.3475879430770874,0.4295006811618805,5,Fig2 architecture,Transformer,#0072b2,51.0,34.62,55.38,0.36797932499930974,0.357580441541615,0.3782490262992325,vit_base_patch16_224,vit_base_patch16_224_classification,ViT-B-P16,classification,imagenet,vit_base_patch16_224,Transformer,Semantic,Transformer,,,,,,,imagenet
swin_base_patch4_window7_224_classification,wrsa,0.3956160366535187,0.3542963922023773,0.43358314633369444,5,Fig2 architecture,Transformer,#0072b2,52.0,34.62,55.38,0.36797932499930974,0.357580441541615,0.3782490262992325,swin_base_patch4_window7_224,swin_base_patch4_window7_224_classification,Swin-B-P4-W7,classification,imagenet,swin_base_patch4_window7_224,Transformer,Semantic,Transformer,,,,,,,imagenet
pit_ti_224_classification,wrsa,0.39799025654792786,0.3503360331058502,0.4456444799900055,5,Fig2 architecture,Transformer,#0072b2,53.0,34.62,55.38,0.36797932499930974,0.357580441541615,0.3782490262992325,pit_ti_224,pit_ti_224_classification,PiT-T-224,classification,imagenet,pit_ti_224,Transformer,Semantic,Transformer,,,,,,,
levit_128_classification,wrsa,0.3985302150249481,0.36234880685806276,0.4340110123157501,5,Fig2 architecture,Transformer,#0072b2,54.0,34.62,55.38,0.36797932499930974,0.357580441541615,0.3782490262992325,levit_128,levit_128_classification,LeViT128,classification,imagenet,levit_128,Transformer,Semantic,Transformer,,,,,,,
swin_tiny_patch4_window7_224_classification,wrsa,0.4155363440513611,0.36378219723701477,0.4672904908657074,5,Fig2 architecture,Transformer,#0072b2,55.0,34.62,55.38,0.36797932499930974,0.357580441541615,0.3782490262992325,swin_tiny_patch4_window7_224,swin_tiny_patch4_window7_224_classification,Swin-T-P4-W7,classification,imagenet,swin_tiny_patch4_window7_224,Transformer,Semantic,Transformer,,,,,,,
autoencoding_taskonomy,crsa,0.038343395479023455,0.023652495257556437,0.04931305050849914,5,Fig3A Taskonomy,2D,#0072b2,0.0,-0.38,4.38,0.1229218252375722,0.06127912349998951,0.17943003213033012,autoencoding,autoencoding_taskonomy,Autoencoder,taskonomy,taskonomy,resnet50,Convolutional,2D,,,autoencoding,2D,,,,
keypoints2d_taskonomy,crsa,0.1223295196890831,0.09547512680292129,0.14217857122421265,5,Fig3A Taskonomy,2D,#0072b2,1.0,-0.38,4.38,0.1229218252375722,0.06127912349998951,0.17943003213033012,keypoints2d,keypoints2d_taskonomy,2D Keypoints,taskonomy,taskonomy,resnet50,Convolutional,2D,,,keypoints2d,2D,,,,
inpainting_taskonomy,crsa,0.053689653426408766,0.04194307997822762,0.06143505275249481,5,Fig3A Taskonomy,2D,#0072b2,2.0,-0.38,4.38,0.1229218252375722,0.06127912349998951,0.17943003213033012,inpainting,inpainting_taskonomy,Inpainting,taskonomy,taskonomy,resnet50,Convolutional,2D,,,inpainting,2D,,,,
edge_texture_taskonomy,crsa,0.21307272613048553,0.1816825896501541,0.2501957416534424,5,Fig3A Taskonomy,2D,#0072b2,3.0,-0.38,4.38,0.1229218252375722,0.06127912349998951,0.17943003213033012,edge_texture,edge_texture_taskonomy,Texture Edges,taskonomy,taskonomy,resnet50,Convolutional,2D,,,edge_texture,2D,,,,
segment_unsup2d_taskonomy,crsa,0.1871738314628601,0.17310285568237305,0.20292333960533143,5,Fig3A Taskonomy,2D,#0072b2,4.0,-0.38,4.38,0.1229218252375722,0.06127912349998951,0.17943003213033012,segment_unsup2d,segment_unsup2d_taskonomy,Unsupervised 2D Segmentation,taskonomy,taskonomy,resnet50,Convolutional,2D,,,segment_unsup2d,2D,,,,
autoencoding_taskonomy,wrsa,-0.008093331381678582,-0.03036337308585644,0.014203095436096191,5,Fig3A Taskonomy,2D,#0072b2,0.0,-0.38,4.38,0.14024890407919885,0.06262157917022705,0.21751742243766786,autoencoding,autoencoding_taskonomy,Autoencoder,taskonomy,taskonomy,resnet50,Convolutional,2D,,,autoencoding,2D,,,,
keypoints2d_taskonomy,wrsa,0.08118618614971637,0.036649246141314505,0.13789824545383453,5,Fig3A Taskonomy,2D,#0072b2,1.0,-0.38,4.38,0.14024890407919885,0.06262157917022705,0.21751742243766786,keypoints2d,keypoints2d_taskonomy,2D Keypoints,taskonomy,taskonomy,resnet50,Convolutional,2D,,,keypoints2d,2D,,,,
inpainting_taskonomy,wrsa,0.16871621906757356,0.12858083248138427,0.21047891527414322,5,Fig3A Taskonomy,2D,#0072b2,2.0,-0.38,4.38,0.14024890407919885,0.06262157917022705,0.21751742243766786,inpainting,inpainting_taskonomy,Inpainting,taskonomy,taskonomy,resnet50,Convolutional,2D,,,inpainting,2D,,,,
edge_texture_taskonomy,wrsa,0.20323374271392822,0.13840028941631316,0.28609553575515745,5,Fig3A Taskonomy,2D,#0072b2,3.0,-0.38,4.38,0.14024890407919885,0.06262157917022705,0.21751742243766786,edge_texture,edge_texture_taskonomy,Texture Edges,taskonomy,taskonomy,resnet50,Convolutional,2D,,,edge_texture,2D,,,,
segment_unsup2d_taskonomy,wrsa,0.25620170384645463,0.18133047670125962,0.32479954361915586,5,Fig3A Taskonomy,2D,#0072b2,4.0,-0.38,4.38,0.14024890407919885,0.06262157917022705,0.21751742243766786,segment_unsup2d,segment_unsup2d_taskonomy,Unsupervised 2D Segmentation,taskonomy,taskonomy,resnet50,Convolutional,2D,,,segment_unsup2d,2D,,,,
curvature_taskonomy,crsa,0.09109934121370315,0.05741201937198639,0.1339194506406784,5,Fig3A Taskonomy,3D,#e69f00,7.0,6.62,14.38,0.1143482587649487,0.09572192988154711,0.13209215095237595,curvature,curvature_taskonomy,Curvatures,taskonomy,taskonomy,resnet50,Convolutional,3D,,,curvature,3D,,,,
reshading_taskonomy,crsa,0.13788277357816697,0.08453458398580552,0.18484273552894592,5,Fig3A Taskonomy,3D,#e69f00,8.0,6.62,14.38,0.1143482587649487,0.09572192988154711,0.13209215095237595,reshading,reshading_taskonomy,Reshading,taskonomy,taskonomy,resnet50,Convolutional,3D,,,reshading,3D,,,,
depth_zbuffer_taskonomy,crsa,0.13474818244576453,0.09005349427461624,0.17944287061691283,5,Fig3A Taskonomy,3D,#e69f00,9.0,6.62,14.38,0.1143482587649487,0.09572192988154711,0.13209215095237595,depth_zbuffer,depth_zbuffer_taskonomy,Z-Buffer Depth,taskonomy,taskonomy,resnet50,Convolutional,3D,,,depth_zbuffer,3D,,,,
segment_unsup25d_taskonomy,crsa,0.12424052208662033,0.08323850184679031,0.16848955154418946,5,Fig3A Taskonomy,3D,#e69f00,10.0,6.62,14.38,0.1143482587649487,0.09572192988154711,0.13209215095237595,segment_unsup25d,segment_unsup25d_taskonomy,Unsupervised 2.5D Segmentation,taskonomy,taskonomy,resnet50,Convolutional,3D,,,segment_unsup25d,3D,,,,
depth_euclidean_taskonomy,crsa,0.09569501066580414,0.02895606625825166,0.16243395507335662,5,Fig3A Taskonomy,3D,#e69f00,11.0,6.62,14.38,0.1143482587649487,0.09572192988154711,0.13209215095237595,depth_euclidean,depth_euclidean_taskonomy,Euclidean Depth,taskonomy,taskonomy,resnet50,Convolutional,3D,,,depth_euclidean,3D,,,,
normal_taskonomy,crsa,0.10939334630966187,0.07561704516410828,0.14000082314014434,5,Fig3A Taskonomy,3D,#e69f00,12.0,6.62,14.38,0.1143482587649487,0.09572192988154711,0.13209215095237595,normal,normal_taskonomy,Surface Normals,taskonomy,taskonomy,resnet50,Convolutional,3D,,,normal,3D,,,,
edge_occlusion_taskonomy,crsa,0.06913658771663904,0.023270328901708125,0.11615459844470025,5,Fig3A Taskonomy,3D,#e69f00,13.0,6.62,14.38,0.1143482587649487,0.09572192988154711,0.13209215095237595,edge_occlusion,edge_occlusion_taskonomy,Occlusion Edges,taskonomy,taskonomy,resnet50,Convolutional,3D,,,edge_occlusion,3D,,,,
keypoints3d_taskonomy,crsa,0.15259030610322952,0.10816535949707032,0.20431039333343504,5,Fig3A Taskonomy,3D,#e69f00,14.0,6.62,14.38,0.1143482587649487,0.09572192988154711,0.13209215095237595,keypoints3d,keypoints3d_taskonomy,3D Keypoints,taskonomy,taskonomy,resnet50,Convolutional,3D,,,keypoints3d,3D,,,,
curvature_taskonomy,wrsa,0.030378051404841244,0.007027818984352053,0.06821709759533405,5,Fig3A Taskonomy,3D,#e69f00,7.0,6.62,14.38,0.21246683843492065,0.15809705373074392,0.2447755377739668,curvature,curvature_taskonomy,Curvatures,taskonomy,taskonomy,resnet50,Convolutional,3D,,,curvature,3D,,,,
reshading_taskonomy,wrsa,0.22380687594413756,0.14533160328865052,0.3047565996646881,5,Fig3A Taskonomy,3D,#e69f00,8.0,6.62,14.38,0.21246683843492065,0.15809705373074392,0.2447755377739668,reshading,reshading_taskonomy,Reshading,taskonomy,taskonomy,resnet50,Convolutional,3D,,,reshading,3D,,,,
depth_zbuffer_taskonomy,wrsa,0.22745851278305054,0.1703885018825531,0.29366405606269835,5,Fig3A Taskonomy,3D,#e69f00,9.0,6.62,14.38,0.21246683843492065,0.15809705373074392,0.2447755377739668,depth_zbuffer,depth_zbuffer_taskonomy,Z-Buffer Depth,taskonomy,taskonomy,resnet50,Convolutional,3D,,,depth_zbuffer,3D,,,,
segment_unsup25d_taskonomy,wrsa,0.22928098738193511,0.16924151480197908,0.30974486768245696,5,Fig3A Taskonomy,3D,#e69f00,10.0,6.62,14.38,0.21246683843492065,0.15809705373074392,0.2447755377739668,segment_unsup25d,segment_unsup25d_taskonomy,Unsupervised 2.5D Segmentation,taskonomy,taskonomy,resnet50,Convolutional,3D,,,segment_unsup25d,3D,,,,
depth_euclidean_taskonomy,wrsa,0.2339812010526657,0.17433265149593352,0.3059565186500549,5,Fig3A Taskonomy,3D,#e69f00,11.0,6.62,14.38,0.21246683843492065,0.15809705373074392,0.2447755377739668,depth_euclidean,depth_euclidean_taskonomy,Euclidean Depth,taskonomy,taskonomy,resnet50,Convolutional,3D,,,depth_euclidean,3D,,,,
normal_taskonomy,wrsa,0.24322313368320464,0.17100532054901124,0.33595989644527435,5,Fig3A Taskonomy,3D,#e69f00,12.0,6.62,14.38,0.21246683843492065,0.15809705373074392,0.2447755377739668,normal,normal_taskonomy,Surface Normals,taskonomy,taskonomy,resnet50,Convolutional,3D,,,normal,3D,,,,
edge_occlusion_taskonomy,wrsa,0.25441696047782897,0.20478517711162567,0.3169007658958435,5,Fig3A Taskonomy,3D,#e69f00,13.0,6.62,14.38,0.21246683843492065,0.15809705373074392,0.2447755377739668,edge_occlusion,edge_occlusion_taskonomy,Occlusion Edges,taskonomy,taskonomy,resnet50,Convolutional,3D,,,edge_occlusion,3D,,,,
keypoints3d_taskonomy,wrsa,0.2571889847517014,0.19713200330734254,0.3314745932817459,5,Fig3A Taskonomy,3D,#e69f00,14.0,6.62,14.38,0.21246683843492065,0.15809705373074392,0.2447755377739668,keypoints3d,keypoints3d_taskonomy,3D Keypoints,taskonomy,taskonomy,resnet50,Convolutional,3D,,,keypoints3d,3D,,,,
vanishing_point_taskonomy,crsa,-0.0018954815343022347,-0.023565799184143546,0.013767740875482559,5,Fig3A Taskonomy,Geometric,#009e73,17.0,16.62,23.38,0.09871121950979743,0.05846734475344419,0.13384566943028142,vanishing_point,vanishing_point_taskonomy,Vanishing Point,taskonomy,taskonomy,resnet50,Convolutional,Geometric,,,vanishing_point,Geometric,,,,
jigsaw_taskonomy,crsa,0.14976350516080855,0.11826221793889999,0.18377566933631898,5,Fig3A Taskonomy,Geometric,#009e73,18.0,16.62,23.38,0.09871121950979743,0.05846734475344419,0.13384566943028142,jigsaw,jigsaw_taskonomy,Jigsaw,taskonomy,taskonomy,resnet50,Convolutional,Geometric,,,jigsaw,Geometric,,,,
nonfixated_pose_taskonomy,crsa,0.11474127620458603,0.09445437937974929,0.13502817302942277,5,Fig3A Taskonomy,Geometric,#009e73,19.0,16.62,23.38,0.09871121950979743,0.05846734475344419,0.13384566943028142,nonfixated_pose,nonfixated_pose_taskonomy,Camera Pose (Nonfixated),taskonomy,taskonomy,resnet50,Convolutional,Geometric,,,nonfixated_pose,Geometric,,,,
fixated_pose_taskonomy,crsa,0.09469244182109833,0.073458993434906,0.12045298218727113,5,Fig3A Taskonomy,Geometric,#009e73,20.0,16.62,23.38,0.09871121950979743,0.05846734475344419,0.13384566943028142,fixated_pose,fixated_pose_taskonomy,Camera Pose (Fixated),taskonomy,taskonomy,resnet50,Convolutional,Geometric,,,fixated_pose,Geometric,,,,
room_layout_taskonomy,crsa,0.06897548213601112,0.04487883001565933,0.10179265066981316,5,Fig3A Taskonomy,Geometric,#009e73,21.0,16.62,23.38,0.09871121950979743,0.05846734475344419,0.13384566943028142,room_layout,room_layout_taskonomy,Room Layout,taskonomy,taskonomy,resnet50,Convolutional,Geometric,,,room_layout,Geometric,,,,
egomotion_taskonomy,crsa,0.10152642875909805,0.07905900031328202,0.12573324590921403,5,Fig3A Taskonomy,Geometric,#009e73,22.0,16.62,23.38,0.09871121950979743,0.05846734475344419,0.13384566943028142,egomotion,egomotion_taskonomy,Egomotion,taskonomy,taskonomy,resnet50,Convolutional,Geometric,,,egomotion,Geometric,,,,
point_matching_taskonomy,crsa,0.1631748840212822,0.12932859361171722,0.19702117443084716,5,Fig3A Taskonomy,Geometric,#009e73,23.0,16.62,23.38,0.09871121950979743,0.05846734475344419,0.13384566943028142,point_matching,point_matching_taskonomy,Point Matching,taskonomy,taskonomy,resnet50,Convolutional,Geometric,,,point_matching,Geometric,,,,
vanishing_point_taskonomy,wrsa,0.013542072544805706,-0.012399692577309905,0.04147058140952063,5,Fig3A Taskonomy,Geometric,#009e73,17.0,16.62,23.38,0.1659420279619683,0.11029424819363548,0.20412315151521138,vanishing_point,vanishing_point_taskonomy,Vanishing Point,taskonomy,taskonomy,resnet50,Convolutional,Geometric,,,vanishing_point,Geometric,,,,
jigsaw_taskonomy,wrsa,0.15759713798761368,0.10868288278579712,0.2131889656186104,5,Fig3A Taskonomy,Geometric,#009e73,18.0,16.62,23.38,0.1659420279619683,0.11029424819363548,0.20412315151521138,jigsaw,jigsaw_taskonomy,Jigsaw,taskonomy,taskonomy,resnet50,Convolutional,Geometric,,,jigsaw,Geometric,,,,
nonfixated_pose_taskonomy,wrsa,0.1629494160413742,0.10958146154880524,0.21631737053394318,5,Fig3A Taskonomy,Geometric,#009e73,19.0,16.62,23.38,0.1659420279619683,0.11029424819363548,0.20412315151521138,nonfixated_pose,nonfixated_pose_taskonomy,Camera Pose (Nonfixated),taskonomy,taskonomy,resnet50,Convolutional,Geometric,,,nonfixated_pose,Geometric,,,,
fixated_pose_taskonomy,wrsa,0.19859277755022048,0.15258118957281114,0.24801408648490905,5,Fig3A Taskonomy,Geometric,#009e73,20.0,16.62,23.38,0.1659420279619683,0.11029424819363548,0.20412315151521138,fixated_pose,fixated_pose_taskonomy,Camera Pose (Fixated),taskonomy,taskonomy,resnet50,Convolutional,Geometric,,,fixated_pose,Geometric,,,,
room_layout_taskonomy,wrsa,0.20107586681842804,0.12286689281463622,0.27706570327281954,5,Fig3A Taskonomy,Geometric,#009e73,21.0,16.62,23.38,0.1659420279619683,0.11029424819363548,0.20412315151521138,room_layout,room_layout_taskonomy,Room Layout,taskonomy,taskonomy,resnet50,Convolutional,Geometric,,,room_layout,Geometric,,,,
egomotion_taskonomy,wrsa,0.20445882081985473,0.16718995273113252,0.24658431112766266,5,Fig3A Taskonomy,Geometric,#009e73,22.0,16.62,23.38,0.1659420279619683,0.11029424819363548,0.20412315151521138,egomotion,egomotion_taskonomy,Egomotion,taskonomy,taskonomy,resnet50,Convolutional,Geometric,,,egomotion,Geometric,,,,
point_matching_taskonomy,wrsa,0.22337810397148133,0.16787010431289673,0.28098456263542176,5,Fig3A Taskonomy,Geometric,#009e73,23.0,16.62,23.38,0.1659420279619683,0.11029424819363548,0.20412315151521138,point_matching,point_matching_taskonomy,Point Matching,taskonomy,taskonomy,resnet50,Convolutional,Geometric,,,point_matching,Geometric,,,,
segment_semantic_taskonomy,crsa,0.1120063193142414,0.07325934395194053,0.14537993371486663,5,Fig3A Taskonomy,Semantic,#cc79a7,26.0,25.62,28.38,0.1193068197617928,0.10192286781966686,0.14399127215147017,segment_semantic,segment_semantic_taskonomy,Semantic Segmentation,taskonomy,taskonomy,resnet50,Convolutional,Semantic,,,segment_semantic,Semantic,,,,
class_object_taskonomy,crsa,0.14399127215147017,0.09977135062217712,0.1948012188076973,5,Fig3A Taskonomy,Semantic,#cc79a7,27.0,25.62,28.38,0.1193068197617928,0.10192286781966686,0.14399127215147017,class_object,class_object_taskonomy,Object Classification,taskonomy,taskonomy,resnet50,Convolutional,Semantic,,,class_object,Semantic,,,,
class_scene_taskonomy,crsa,0.10192286781966686,0.04874371327459812,0.15450557172298432,5,Fig3A Taskonomy,Semantic,#cc79a7,28.0,25.62,28.38,0.1193068197617928,0.10192286781966686,0.14399127215147017,class_scene,class_scene_taskonomy,Scene Classification,taskonomy,taskonomy,resnet50,Convolutional,Semantic,,,class_scene,Semantic,,,,
segment_semantic_taskonomy,wrsa,0.24504945278167725,0.1925128161907196,0.3058225303888321,5,Fig3A Taskonomy,Semantic,#cc79a7,26.0,25.62,28.38,0.2670866797367732,0.24504945278167725,0.2911494970321655,segment_semantic,segment_semantic_taskonomy,Semantic Segmentation,taskonomy,taskonomy,resnet50,Convolutional,Semantic,,,segment_semantic,Semantic,,,,
class_object_taskonomy,wrsa,0.26506108939647677,0.2032294303178787,0.3403888940811157,5,Fig3A Taskonomy,Semantic,#cc79a7,27.0,25.62,28.38,0.2670866797367732,0.24504945278167725,0.2911494970321655,class_object,class_object_taskonomy,Object Classification,taskonomy,taskonomy,resnet50,Convolutional,Semantic,,,class_object,Semantic,,,,
class_scene_taskonomy,wrsa,0.2911494970321655,0.23951788544654845,0.34734848141670227,5,Fig3A Taskonomy,Semantic,#cc79a7,28.0,25.62,28.38,0.2670866797367732,0.24504945278167725,0.2911494970321655,class_scene,class_scene_taskonomy,Scene Classification,taskonomy,taskonomy,resnet50,Convolutional,Semantic,,,class_scene,Semantic,,,,
denoising_taskonomy,crsa,0.09199125617742539,0.07575231492519378,0.10846205949783325,5,Fig3A Taskonomy,Other,#777777,31.0,,,,,,denoising,denoising_taskonomy,Denoising,taskonomy,taskonomy,resnet50,Convolutional,Other,,,denoising,Other,,,,
denoising_taskonomy,wrsa,0.14911937117576599,0.10543104112148285,0.19684071987867355,5,Fig3A Taskonomy,Other,#777777,31.0,,,,,,denoising,denoising_taskonomy,Denoising,taskonomy,taskonomy,resnet50,Convolutional,Other,,,denoising,Other,,,,
random_weights_taskonomy,crsa,0.07551230117678642,0.05511747151613235,0.09590713083744049,5,Fig3A Taskonomy,Random,#000000,34.0,,,,,,random_weights,random_weights_taskonomy,Random Weights,taskonomy,,resnet50,Convolutional,Random,,,random_weights,Random,,,,
random_weights_taskonomy,wrsa,0.08782143518328667,0.05673516839742661,0.11890770196914673,5,Fig3A Taskonomy,Random,#000000,34.0,,,,,,random_weights,random_weights_taskonomy,Random Weights,taskonomy,,resnet50,Convolutional,Random,,,random_weights,Random,,,,
ResNet50/SwAV/BS4096/2x224+6x96_selfsupervised,crsa,0.1738607853651047,0.14523240625858308,0.2024891644716263,5,Fig3B VISSL,Contrastive,#e69f00,0.0,-0.38,5.38,0.22919183845321336,0.20251567413409552,0.25586800277233124,ResNet50-SwAV-BS4096-2x224+6x96,ResNet50-SwAV-BS4096-2x224+6x96_selfsupervised,ResNet50-SwAV-BS4096,selfsupervised,imagenet,ResNet50,Convolutional,Self-Supervised,,,,,,SwAV-BS4096-2x224+6x96,Contrastive,
ResNet50/MoCoV2/BS256_selfsupervised,crsa,0.22212820053100585,0.19080530405044555,0.2543727934360504,5,Fig3B VISSL,Contrastive,#e69f00,1.0,-0.38,5.38,0.22919183845321336,0.20251567413409552,0.25586800277233124,ResNet50-MoCoV2-BS256,ResNet50-MoCoV2-BS256_selfsupervised,ResNet50-MoCoV2-BS256,selfsupervised,imagenet,ResNet50,Convolutional,Self-Supervised,,,,,,MoCoV2-BS256,Contrastive,
ResNet50/DeepClusterV2/2x224+6x96_selfsupervised,crsa,0.27178039252758024,0.2320113629102707,0.3075919270515442,5,Fig3B VISSL,Contrastive,#e69f00,2.0,-0.38,5.38,0.22919183845321336,0.20251567413409552,0.25586800277233124,ResNet50-DeepClusterV2-2x224+6x96,ResNet50-DeepClusterV2-2x224+6x96_selfsupervised,ResNet50-DeepClusterV2,selfsupervised,imagenet,ResNet50,Convolutional,Self-Supervised,,,,,,DeepClusterV2-2x224+6x96,Contrastive,
ResNet50/SimCLR_selfsupervised,crsa,0.20653227120637893,0.15532327294349668,0.2518784046173096,5,Fig3B VISSL,Contrastive,#e69f00,3.0,-0.38,5.38,0.22919183845321336,0.20251567413409552,0.25586800277233124,ResNet50-SimCLR,ResNet50-SimCLR_selfsupervised,ResNet50-SimCLR,selfsupervised,imagenet,ResNet50,Convolutional,Self-Supervised,,,,,,SimCLR,Contrastive,
ResNet50/PIRL_selfsupervised,crsa,0.26866964995861053,0.2433801680803299,0.29975479245185854,5,Fig3B VISSL,Contrastive,#e69f00,4.0,-0.38,5.38,0.22919183845321336,0.20251567413409552,0.25586800277233124,ResNet50-PIRL,ResNet50-PIRL_selfsupervised,ResNet50-PIRL,selfsupervised,imagenet,ResNet50,Convolutional,Self-Supervised,,,,,,PIRL,Contrastive,
ResNet50/BarlowTwins/BS2048_selfsupervised,crsa,0.23217973113059998,0.20551641583442687,0.25740291476249694,5,Fig3B VISSL,Contrastive,#e69f00,5.0,-0.38,5.38,0.22919183845321336,0.20251567413409552,0.25586800277233124,ResNet50-BarlowTwins-BS2048,ResNet50-BarlowTwins-BS2048_selfsupervised,ResNet50-BarlowTwins-BS2048,selfsupervised,imagenet,ResNet50,Convolutional,Self-Supervised,,,,,,BarlowTwins-BS2048,Contrastive,
ResNet50/SwAV/BS4096/2x224+6x96_selfsupervised,wrsa,0.3451051592826843,0.2863338470458984,0.3994112372398376,5,Fig3B VISSL,Contrastive,#e69f00,0.0,-0.38,5.38,0.39942941168944035,0.3754719297091166,0.41927506526311237,ResNet50-SwAV-BS4096-2x224+6x96,ResNet50-SwAV-BS4096-2x224+6x96_selfsupervised,ResNet50-SwAV-BS4096,selfsupervised,imagenet,ResNet50,Convolutional,Self-Supervised,,,,,,SwAV-BS4096-2x224+6x96,Contrastive,
ResNet50/MoCoV2/BS256_selfsupervised,wrsa,0.39226928949356077,0.34858537912368776,0.43595319986343384,5,Fig3B VISSL,Contrastive,#e69f00,1.0,-0.38,5.38,0.39942941168944035,0.3754719297091166,0.41927506526311237,ResNet50-MoCoV2-BS256,ResNet50-MoCoV2-BS256_selfsupervised,ResNet50-MoCoV2-BS256,selfsupervised,imagenet,ResNet50,Convolutional,Self-Supervised,,,,,,MoCoV2-BS256,Contrastive,
ResNet50/DeepClusterV2/2x224+6x96_selfsupervised,wrsa,0.402668422460556,0.37409575268626216,0.4299216985702515,5,Fig3B VISSL,Contrastive,#e69f00,2.0,-0.38,5.38,0.39942941168944035,0.3754719297091166,0.41927506526311237,ResNet50-DeepClusterV2-2x224+6x96,ResNet50-DeepClusterV2-2x224+6x96_selfsupervised,ResNet50-DeepClusterV2,selfsupervised,imagenet,ResNet50,Convolutional,Self-Supervised,,,,,,DeepClusterV2-2x224+6x96,Contrastive,
ResNet50/SimCLR_selfsupervised,wrsa,0.4081765353679657,0.3804637253284454,0.43288484811782835,5,Fig3B VISSL,Contrastive,#e69f00,3.0,-0.38,5.38,0.39942941168944035,0.3754719297091166,0.41927506526311237,ResNet50-SimCLR,ResNet50-SimCLR_selfsupervised,ResNet50-SimCLR,selfsupervised,imagenet,ResNet50,Convolutional,Self-Supervised,,,,,,SimCLR,Contrastive,
ResNet50/PIRL_selfsupervised,wrsa,0.4121792554855347,0.3843625605106354,0.4333131730556488,5,Fig3B VISSL,Contrastive,#e69f00,4.0,-0.38,5.38,0.39942941168944035,0.3754719297091166,0.41927506526311237,ResNet50-PIRL,ResNet50-PIRL_selfsupervised,ResNet50-PIRL,selfsupervised,imagenet,ResNet50,Convolutional,Self-Supervised,,,,,,PIRL,Contrastive,
ResNet50/BarlowTwins/BS2048_selfsupervised,wrsa,0.43617780804634093,0.40024703145027163,0.4664381265640259,5,Fig3B VISSL,Contrastive,#e69f00,5.0,-0.38,5.38,0.39942941168944035,0.3754719297091166,0.41927506526311237,ResNet50-BarlowTwins-BS2048,ResNet50-BarlowTwins-BS2048_selfsupervised,ResNet50-BarlowTwins-BS2048,selfsupervised,imagenet,ResNet50,Convolutional,Self-Supervised,,,,,,BarlowTwins-BS2048,Contrastive,
ResNet50/RotNet_selfsupervised,crsa,0.13916951268911362,0.12140669226646424,0.16426007449626923,5,Fig3B VISSL,Non-contrastive,#cc79a7,8.0,7.62,11.38,0.16534845419228078,0.14633147940039634,0.18499276004731655,ResNet50-RotNet,ResNet50-RotNet_selfsupervised,ResNet50-RotNet,selfsupervised,imagenet,ResNet50,Convolutional,Self-Supervised,,,,,,RotNet,Non-Contrastive,
ResNet50/JigSaw/Goyal19_selfsupervised,crsa,0.16162486672401427,0.11954347491264343,0.2063971295952797,5,Fig3B VISSL,Non-contrastive,#cc79a7,9.0,7.62,11.38,0.16534845419228078,0.14633147940039634,0.18499276004731655,ResNet50-JigSaw-Goyal19,ResNet50-JigSaw-Goyal19_selfsupervised,ResNet50-JigSaw-Goyal19,selfsupervised,imagenet,ResNet50,Convolutional,Self-Supervised,,,,,,JigSaw-Goyal19,Non-Contrastive,
ResNet50/JigSaw/P100_selfsupervised,crsa,0.19278205782175065,0.1480364128947258,0.2427520841360092,5,Fig3B VISSL,Non-contrastive,#cc79a7,10.0,7.62,11.38,0.16534845419228078,0.14633147940039634,0.18499276004731655,ResNet50-JigSaw-P100,ResNet50-JigSaw-P100_selfsupervised,ResNet50-JigSaw-P100,selfsupervised,imagenet,ResNet50,Convolutional,Self-Supervised,,,,,,JigSaw-P100,Non-Contrastive,
ResNet50/ClusterFit/16K/RotNet_selfsupervised,crsa,0.16781737953424453,0.13193363100290298,0.20068902969360353,5,Fig3B VISSL,Non-contrastive,#cc79a7,11.0,7.62,11.38,0.16534845419228078,0.14633147940039634,0.18499276004731655,ResNet50-ClusterFit-16K-RotNet,ResNet50-ClusterFit-16K-RotNet_selfsupervised,ResNet50-ClusterFit-16K-RotNet,selfsupervised,imagenet,ResNet50,Convolutional,Self-Supervised,,,,,,ClusterFit-16K-RotNet,Non-Contrastive,
ResNet50/RotNet_selfsupervised,wrsa,0.33791335821151736,0.30950650572776794,0.3791191279888153,5,Fig3B VISSL,Non-contrastive,#cc79a7,8.0,7.62,11.38,0.3574248671531677,0.3436518251895905,0.372069251537323,ResNet50-RotNet,ResNet50-RotNet_selfsupervised,ResNet50-RotNet,selfsupervised,imagenet,ResNet50,Convolutional,Self-Supervised,,,,,,RotNet,Non-Contrastive,
ResNet50/JigSaw/Goyal19_selfsupervised,wrsa,0.3522398233413696,0.3306271493434906,0.3719789445400238,5,Fig3B VISSL,Non-contrastive,#cc79a7,9.0,7.62,11.38,0.3574248671531677,0.3436518251895905,0.372069251537323,ResNet50-JigSaw-Goyal19,ResNet50-JigSaw-Goyal19_selfsupervised,ResNet50-JigSaw-Goyal19,selfsupervised,imagenet,ResNet50,Convolutional,Self-Supervised,,,,,,JigSaw-Goyal19,Non-Contrastive,
ResNet50/JigSaw/P100_selfsupervised,wrsa,0.36086722612380984,0.33560154438018797,0.3934346675872803,5,Fig3B VISSL,Non-contrastive,#cc79a7,10.0,7.62,11.38,0.3574248671531677,0.3436518251895905,0.372069251537323,ResNet50-JigSaw-P100,ResNet50-JigSaw-P100_selfsupervised,ResNet50-JigSaw-P100,selfsupervised,imagenet,ResNet50,Convolutional,Self-Supervised,,,,,,JigSaw-P100,Non-Contrastive,
ResNet50/ClusterFit/16K/RotNet_selfsupervised,wrsa,0.37867906093597414,0.3531540989875793,0.39430158138275145,5,Fig3B VISSL,Non-contrastive,#cc79a7,11.0,7.62,11.38,0.3574248671531677,0.3436518251895905,0.372069251537323,ResNet50-ClusterFit-16K-RotNet,ResNet50-ClusterFit-16K-RotNet_selfsupervised,ResNet50-ClusterFit-16K-RotNet,selfsupervised,imagenet,ResNet50,Convolutional,Self-Supervised,,,,,,ClusterFit-16K-RotNet,Non-Contrastive,
resnet50_classification,crsa,0.19687556922435762,0.1855051338672638,0.2055880069732666,5,Fig3B VISSL,Supervised,#777777,14.0,,,,,,resnet50,resnet50_classification,ResNet50,classification,imagenet,resnet50,Convolutional,Semantic,Convolutional,,,,,,,
resnet50_classification,wrsa,0.3422485411167145,0.29811628460884093,0.386380797624588,5,Fig3B VISSL,Supervised,#777777,14.0,,,,,,resnet50,resnet50_classification,ResNet50,classification,imagenet,resnet50,Convolutional,Semantic,Convolutional,,,,,,,
ViT/B/SimCLR_slip,crsa,0.07313644103705882,0.03434904254972935,0.11605148836970329,5,Fig3C SLIP,SimCLR,#e69f00,0.0,-0.38,2.38,0.1118811541547378,0.07313644103705882,0.14550710916519166,ViT-B-SimCLR,ViT-B-SimCLR_slip,ViT-B-SimCLR,slip,YFCC15M,ViT-B,Transformer,SelfSupervised,,SimCLR,,,,,,
ViT/L/SimCLR_slip,crsa,0.14550710916519166,0.11051156222820283,0.1883881226181984,5,Fig3C SLIP,SimCLR,#e69f00,1.0,-0.38,2.38,0.1118811541547378,0.07313644103705882,0.14550710916519166,ViT-L-SimCLR,ViT-L-SimCLR_slip,ViT-L-SimCLR,slip,YFCC15M,ViT-L,Transformer,SelfSupervised,,SimCLR,,,,,,
ViT/S/SimCLR_slip,crsa,0.1169999122619629,0.06923071295022964,0.17413282096385957,5,Fig3C SLIP,SimCLR,#e69f00,2.0,-0.38,2.38,0.1118811541547378,0.07313644103705882,0.14550710916519166,ViT-S-SimCLR,ViT-S-SimCLR_slip,ViT-S-SimCLR,slip,YFCC15M,ViT-S,Transformer,SelfSupervised,,SimCLR,,,,,,
ViT/B/SimCLR_slip,wrsa,0.3850005030632019,0.3453155279159546,0.42055506110191343,5,Fig3C SLIP,SimCLR,#e69f00,0.0,-0.38,2.38,0.39919490615526837,0.3850005030632019,0.40783501863479615,ViT-B-SimCLR,ViT-B-SimCLR_slip,ViT-B-SimCLR,slip,YFCC15M,ViT-B,Transformer,SelfSupervised,,SimCLR,,,,,,
ViT/L/SimCLR_slip,wrsa,0.404749196767807,0.3653163373470306,0.44418205618858336,5,Fig3C SLIP,SimCLR,#e69f00,1.0,-0.38,2.38,0.39919490615526837,0.3850005030632019,0.40783501863479615,ViT-L-SimCLR,ViT-L-SimCLR_slip,ViT-L-SimCLR,slip,YFCC15M,ViT-L,Transformer,SelfSupervised,,SimCLR,,,,,,
ViT/S/SimCLR_slip,wrsa,0.40783501863479615,0.3613365232944489,0.4523606598377228,5,Fig3C SLIP,SimCLR,#e69f00,2.0,-0.38,2.38,0.39919490615526837,0.3850005030632019,0.40783501863479615,ViT-S-SimCLR,ViT-S-SimCLR_slip,ViT-S-SimCLR,slip,YFCC15M,ViT-S,Transformer,SelfSupervised,,SimCLR,,,,,,
ViT/L/CLIP_slip,crsa,0.04829021394252777,0.035657302290201184,0.06472551748156548,5,Fig3C SLIP,CLIP,#0072b2,5.0,4.62,7.38,0.02077020153713723,-0.022291557490825658,0.04829021394252777,ViT-L-CLIP,ViT-L-CLIP_slip,ViT-L-CLIP,slip,YFCC15M,ViT-L,Transformer,Vision-Language,,CLIP,,,,,,
ViT/S/CLIP_slip,crsa,0.036311948159709576,0.0029838618822395843,0.07111394279636443,5,Fig3C SLIP,CLIP,#0072b2,6.0,4.62,7.38,0.02077020153713723,-0.022291557490825658,0.04829021394252777,ViT-S-CLIP,ViT-S-CLIP_slip,ViT-S-CLIP,slip,YFCC15M,ViT-S,Transformer,Vision-Language,,CLIP,,,,,,
ViT/B/CLIP_slip,crsa,-0.022291557490825654,-0.06276072598993779,0.018177611008286472,5,Fig3C SLIP,CLIP,#0072b2,7.0,4.62,7.38,0.02077020153713723,-0.022291557490825658,0.04829021394252777,ViT-B-CLIP,ViT-B-CLIP_slip,ViT-B-CLIP,slip,YFCC15M,ViT-B,Transformer,Vision-Language,,CLIP,,,,,,
ViT/L/CLIP_slip,wrsa,0.3514513373374939,0.292781925201416,0.40104139447212217,5,Fig3C SLIP,CLIP,#0072b2,5.0,4.62,7.38,0.36865545908610026,0.3514513373374939,0.3831729173660278,ViT-L-CLIP,ViT-L-CLIP_slip,ViT-L-CLIP,slip,YFCC15M,ViT-L,Transformer,Vision-Language,,CLIP,,,,,,
ViT/S/CLIP_slip,wrsa,0.37134212255477905,0.3396450102329254,0.4030392348766327,5,Fig3C SLIP,CLIP,#0072b2,6.0,4.62,7.38,0.36865545908610026,0.3514513373374939,0.3831729173660278,ViT-S-CLIP,ViT-S-CLIP_slip,ViT-S-CLIP,slip,YFCC15M,ViT-S,Transformer,Vision-Language,,CLIP,,,,,,
ViT/B/CLIP_slip,wrsa,0.3831729173660278,0.3323643088340759,0.4227405428886414,5,Fig3C SLIP,CLIP,#0072b2,7.0,4.62,7.38,0.36865545908610026,0.3514513373374939,0.3831729173660278,ViT-B-CLIP,ViT-B-CLIP_slip,ViT-B-CLIP,slip,YFCC15M,ViT-B,Transformer,Vision-Language,,CLIP,,,,,,
ViT/S/SLIP_slip,crsa,0.10483753066509963,0.05188820473849774,0.14750693142414092,5,Fig3C SLIP,SLIP,#009e73,10.0,9.62,12.38,0.11731024576971928,0.07943226546049117,0.16766094118356706,ViT-S-SLIP,ViT-S-SLIP_slip,ViT-S-SLIP,slip,YFCC15M,ViT-S,Transformer,Vision-Language,,SLIP,,,,,,
ViT/B/SLIP_slip,crsa,0.07943226546049117,0.023295726627111428,0.13971789963543413,5,Fig3C SLIP,SLIP,#009e73,11.0,9.62,12.38,0.11731024576971928,0.07943226546049117,0.16766094118356706,ViT-B-SLIP,ViT-B-SLIP_slip,ViT-B-SLIP,slip,YFCC15M,ViT-B,Transformer,Vision-Language,,SLIP,,,,,,
ViT/L/SLIP_slip,crsa,0.16766094118356706,0.12004994750022888,0.23836814761161804,5,Fig3C SLIP,SLIP,#009e73,12.0,9.62,12.38,0.11731024576971928,0.07943226546049117,0.16766094118356706,ViT-L-SLIP,ViT-L-SLIP_slip,ViT-L-SLIP,slip,YFCC15M,ViT-L,Transformer,Vision-Language,,SLIP,,,,,,
ViT/S/SLIP_slip,wrsa,0.38624576926231385,0.33625209927558897,0.43779572248458865,5,Fig3C SLIP,SLIP,#009e73,10.0,9.62,12.38,0.3895434359709422,0.38624576926231385,0.3917974948883057,ViT-S-SLIP,ViT-S-SLIP_slip,ViT-S-SLIP,slip,YFCC15M,ViT-S,Transformer,Vision-Language,,SLIP,,,,,,
ViT/B/SLIP_slip,wrsa,0.39058704376220704,0.34761627912521365,0.4271985232830048,5,Fig3C SLIP,SLIP,#009e73,11.0,9.62,12.38,0.3895434359709422,0.38624576926231385,0.3917974948883057,ViT-B-SLIP,ViT-B-SLIP_slip,ViT-B-SLIP,slip,YFCC15M,ViT-B,Transformer,Vision-Language,,SLIP,,,,,,
ViT/L/SLIP_slip,wrsa,0.3917974948883057,0.3593570053577423,0.4190027117729187,5,Fig3C SLIP,SLIP,#009e73,12.0,9.62,12.38,0.3895434359709422,0.38624576926231385,0.3917974948883057,ViT-L-SLIP,ViT-L-SLIP_slip,ViT-L-SLIP,slip,YFCC15M,ViT-L,Transformer,Vision-Language,,SLIP,,,,,,
convnext_large_classification,crsa,0.18157323598861694,0.14499348700046538,0.2181529849767685,5,Fig4A ImageNet diet,ImageNet-1K,#d55e00,0.0,-0.38,11.38,0.14823558442294596,0.12103381727356463,0.17726926752055683,convnext_large,convnext_large_classification,ConvNext-L,classification,imagenet,convnext_large,Convolutional,Semantic,Convolutional,,,,,,,imagenet
resmlp_big_24_224_classification,crsa,0.09129932597279548,0.07241936996579171,0.10970565378665924,5,Fig4A ImageNet diet,ImageNet-1K,#d55e00,1.0,-0.38,11.38,0.14823558442294596,0.12103381727356463,0.17726926752055683,resmlp_big_24_224,resmlp_big_24_224_classification,ResMLP-Big-24,classification,imagenet,resmlp_big_24_224,MLP-Mixer,Semantic,MLP-Mixer,,,,,,,imagenet
swin_large_patch4_window7_224_classification,crsa,0.07169879227876663,0.008080863207578656,0.14167141690850257,5,Fig4A ImageNet diet,ImageNet-1K,#d55e00,2.0,-0.38,11.38,0.14823558442294596,0.12103381727356463,0.17726926752055683,swin_large_patch4_window7_224,swin_large_patch4_window7_224_classification,Swin-L-P4-W7,classification,imagenet,swin_large_patch4_window7_224,Transformer,Semantic,Transformer,,,,,,,imagenet
vit_large_patch16_224_classification,crsa,0.1428312689065933,0.10165184140205383,0.17253453135490418,5,Fig4A ImageNet diet,ImageNet-1K,#d55e00,3.0,-0.38,11.38,0.14823558442294596,0.12103381727356463,0.17726926752055683,vit_large_patch16_224,vit_large_patch16_224_classification,ViT-L-P16,classification,imagenet,vit_large_patch16_224,Transformer,Semantic,Transformer,,,,,,,imagenet
vit_small_patch16_224_classification,crsa,0.17577851712703704,0.14733955562114714,0.203804549574852,5,Fig4A ImageNet diet,ImageNet-1K,#d55e00,4.0,-0.38,11.38,0.14823558442294596,0.12103381727356463,0.17726926752055683,vit_small_patch16_224,vit_small_patch16_224_classification,ViT-S-P16,classification,imagenet,vit_small_patch16_224,Transformer,Semantic,Transformer,,,,,,,imagenet
vit_base_patch32_224_classification,crsa,0.2426292896270752,0.21404401063919068,0.2706816911697388,5,Fig4A ImageNet diet,ImageNet-1K,#d55e00,5.0,-0.38,11.38,0.14823558442294596,0.12103381727356463,0.17726926752055683,vit_base_patch32_224,vit_base_patch32_224_classification,ViT-B-P32,classification,imagenet,vit_base_patch32_224,Transformer,Semantic,Transformer,,,,,,,imagenet
vit_small_patch32_224_classification,crsa,0.21650444567203522,0.1913500487804413,0.247158282995224,5,Fig4A ImageNet diet,ImageNet-1K,#d55e00,6.0,-0.38,11.38,0.14823558442294596,0.12103381727356463,0.17726926752055683,vit_small_patch32_224,vit_small_patch32_224_classification,ViT-S-P32,classification,imagenet,vit_small_patch32_224,Transformer,Semantic,Transformer,,,,,,,imagenet
mixer_l16_224_classification,crsa,0.18356298357248307,0.13007552027702332,0.251033815741539,5,Fig4A ImageNet diet,ImageNet-1K,#d55e00,7.0,-0.38,11.38,0.14823558442294596,0.12103381727356463,0.17726926752055683,mixer_l16_224,mixer_l16_224_classification,MLP-Mixer-L16,classification,imagenet,mixer_l16_224,MLP-Mixer,Semantic,MLP-Mixer,,,,,,,imagenet
mixer_b16_224_classification,crsa,0.11377169340848922,0.06202527433633804,0.1655181124806404,5,Fig4A ImageNet diet,ImageNet-1K,#d55e00,8.0,-0.38,11.38,0.14823558442294596,0.12103381727356463,0.17726926752055683,mixer_b16_224,mixer_b16_224_classification,MLP-Mixer-B16,classification,imagenet,mixer_b16_224,MLP-Mixer,Semantic,MLP-Mixer,,,,,,,imagenet
vit_base_patch16_224_classification,crsa,0.12612760066986084,0.10912999510765076,0.14938317984342575,5,Fig4A ImageNet diet,ImageNet-1K,#d55e00,9.0,-0.38,11.38,0.14823558442294596,0.12103381727356463,0.17726926752055683,vit_base_patch16_224,vit_base_patch16_224_classification,ViT-B-P16,classification,imagenet,vit_base_patch16_224,Transformer,Semantic,Transformer,,,,,,,imagenet
swin_base_patch4_window7_224_classification,crsa,0.12857774794101715,0.07854905873537063,0.17554996758699418,5,Fig4A ImageNet diet,ImageNet-1K,#d55e00,10.0,-0.38,11.38,0.14823558442294596,0.12103381727356463,0.17726926752055683,swin_base_patch4_window7_224,swin_base_patch4_window7_224_classification,Swin-B-P4-W7,classification,imagenet,swin_base_patch4_window7_224,Transformer,Semantic,Transformer,,,,,,,imagenet
convnext_base_classification,crsa,0.10447211191058159,0.0740791954100132,0.13468700498342515,5,Fig4A ImageNet diet,ImageNet-1K,#d55e00,11.0,-0.38,11.38,0.14823558442294596,0.12103381727356463,0.17726926752055683,convnext_base,convnext_base_classification,ConvNext-B,classification,imagenet,convnext_base,Convolutional,Semantic,Convolutional,,,,,,,imagenet
convnext_large_classification,wrsa,0.3383179694414139,0.2731756865978241,0.40346025228500365,5,Fig4A ImageNet diet,ImageNet-1K,#d55e00,0.0,-0.38,11.38,0.36658518090844155,0.35464259488508104,0.3788539150543511,convnext_large,convnext_large_classification,ConvNext-L,classification,imagenet,convnext_large,Convolutional,Semantic,Convolutional,,,,,,,imagenet
resmlp_big_24_224_classification,wrsa,0.34144516587257384,0.2641916871070862,0.3970139503479004,5,Fig4A ImageNet diet,ImageNet-1K,#d55e00,1.0,-0.38,11.38,0.36658518090844155,0.35464259488508104,0.3788539150543511,resmlp_big_24_224,resmlp_big_24_224_classification,ResMLP-Big-24,classification,imagenet,resmlp_big_24_224,MLP-Mixer,Semantic,MLP-Mixer,,,,,,,imagenet
swin_large_patch4_window7_224_classification,wrsa,0.3473854660987854,0.30424992442131044,0.39052100777626036,5,Fig4A ImageNet diet,ImageNet-1K,#d55e00,2.0,-0.38,11.38,0.36658518090844155,0.35464259488508104,0.3788539150543511,swin_large_patch4_window7_224,swin_large_patch4_window7_224_classification,Swin-L-P4-W7,classification,imagenet,swin_large_patch4_window7_224,Transformer,Semantic,Transformer,,,,,,,imagenet
vit_large_patch16_224_classification,wrsa,0.34986636638641355,0.2746567726135254,0.4060947775840759,5,Fig4A ImageNet diet,ImageNet-1K,#d55e00,3.0,-0.38,11.38,0.36658518090844155,0.35464259488508104,0.3788539150543511,vit_large_patch16_224,vit_large_patch16_224_classification,ViT-L-P16,classification,imagenet,vit_large_patch16_224,Transformer,Semantic,Transformer,,,,,,,imagenet
vit_small_patch16_224_classification,wrsa,0.3506989121437073,0.2792490363121033,0.40668222308158875,5,Fig4A ImageNet diet,ImageNet-1K,#d55e00,4.0,-0.38,11.38,0.36658518090844155,0.35464259488508104,0.3788539150543511,vit_small_patch16_224,vit_small_patch16_224_classification,ViT-S-P16,classification,imagenet,vit_small_patch16_224,Transformer,Semantic,Transformer,,,,,,,imagenet
vit_base_patch32_224_classification,wrsa,0.3579365313053131,0.3031923592090607,0.4068980097770691,5,Fig4A ImageNet diet,ImageNet-1K,#d55e00,5.0,-0.38,11.38,0.36658518090844155,0.35464259488508104,0.3788539150543511,vit_base_patch32_224,vit_base_patch32_224_classification,ViT-B-P32,classification,imagenet,vit_base_patch32_224,Transformer,Semantic,Transformer,,,,,,,imagenet
vit_small_patch32_224_classification,wrsa,0.36519275307655336,0.3096469759941101,0.41440680623054504,5,Fig4A ImageNet diet,ImageNet-1K,#d55e00,6.0,-0.38,11.38,0.36658518090844155,0.35464259488508104,0.3788539150543511,vit_small_patch32_224,vit_small_patch32_224_classification,ViT-S-P32,classification,imagenet,vit_small_patch32_224,Transformer,Semantic,Transformer,,,,,,,imagenet
mixer_l16_224_classification,wrsa,0.3792799413204193,0.3299627721309662,0.43128657937049864,5,Fig4A ImageNet diet,ImageNet-1K,#d55e00,7.0,-0.38,11.38,0.36658518090844155,0.35464259488508104,0.3788539150543511,mixer_l16_224,mixer_l16_224_classification,MLP-Mixer-L16,classification,imagenet,mixer_l16_224,MLP-Mixer,Semantic,MLP-Mixer,,,,,,,imagenet
mixer_b16_224_classification,wrsa,0.38318770527839663,0.31878132820129396,0.43873039484024046,5,Fig4A ImageNet diet,ImageNet-1K,#d55e00,8.0,-0.38,11.38,0.36658518090844155,0.35464259488508104,0.3788539150543511,mixer_b16_224,mixer_b16_224_classification,MLP-Mixer-B16,classification,imagenet,mixer_b16_224,MLP-Mixer,Semantic,MLP-Mixer,,,,,,,imagenet
vit_base_patch16_224_classification,wrsa,0.3904248595237732,0.3475879430770874,0.4295006811618805,5,Fig4A ImageNet diet,ImageNet-1K,#d55e00,9.0,-0.38,11.38,0.36658518090844155,0.35464259488508104,0.3788539150543511,vit_base_patch16_224,vit_base_patch16_224_classification,ViT-B-P16,classification,imagenet,vit_base_patch16_224,Transformer,Semantic,Transformer,,,,,,,imagenet
swin_base_patch4_window7_224_classification,wrsa,0.3956160366535187,0.3542963922023773,0.43358314633369444,5,Fig4A ImageNet diet,ImageNet-1K,#d55e00,10.0,-0.38,11.38,0.36658518090844155,0.35464259488508104,0.3788539150543511,swin_base_patch4_window7_224,swin_base_patch4_window7_224_classification,Swin-B-P4-W7,classification,imagenet,swin_base_patch4_window7_224,Transformer,Semantic,Transformer,,,,,,,imagenet
convnext_base_classification,wrsa,0.3996704638004303,0.3512062084674835,0.4481291651725769,5,Fig4A ImageNet diet,ImageNet-1K,#d55e00,11.0,-0.38,11.38,0.36658518090844155,0.35464259488508104,0.3788539150543511,convnext_base,convnext_base_classification,ConvNext-B,classification,imagenet,convnext_base,Convolutional,Semantic,Convolutional,,,,,,,imagenet
swin_large_patch4_window7_224_in22k_classification,crsa,0.1094693198800087,0.08121003806591034,0.1432856261730194,5,Fig4A ImageNet diet,ImageNet-21K,#009e73,14.0,13.62,25.38,0.14329284069438775,0.1264210346667096,0.16467918375351775,swin_large_patch4_window7_224_in22k,swin_large_patch4_window7_224_in22k_classification,Swin-L-P4-W7-IN21K,classification,imagenet21k,swin_large_patch4_window7_224,Transformer,Semantic,,,,,,,,imagenet21k
swin_base_patch4_window7_224_in22k_classification,crsa,0.13915011584758757,0.09368098080158234,0.1872161418199539,5,Fig4A ImageNet diet,ImageNet-21K,#009e73,15.0,13.62,25.38,0.14329284069438775,0.1264210346667096,0.16467918375351775,swin_base_patch4_window7_224_in22k,swin_base_patch4_window7_224_in22k_classification,Swin-B-P4-W7-IN21K,classification,imagenet21k,swin_base_patch4_window7_224,Transformer,Semantic,,,,,,,,imagenet21k
convnext_large_in22k_classification,crsa,0.14932725131511687,0.11402622163295746,0.19247365593910218,5,Fig4A ImageNet diet,ImageNet-21K,#009e73,16.0,13.62,25.38,0.14329284069438775,0.1264210346667096,0.16467918375351775,convnext_large_in22k,convnext_large_in22k_classification,ConvNext-Large-IN21K,classification,imagenet21k,convnext_large,Convolutional,Semantic,,,,,,,,imagenet21k
vit_large_patch16_224_in21k_classification,crsa,0.11767625957727432,0.07617339938879013,0.16029732525348664,5,Fig4A ImageNet diet,ImageNet-21K,#009e73,17.0,13.62,25.38,0.14329284069438775,0.1264210346667096,0.16467918375351775,vit_large_patch16_224_in21k,vit_large_patch16_224_in21k_classification,ViT-L-P16-IN21K,classification,imagenet21k,vit_large_patch16_224,Transformer,Semantic,,,,,,,,imagenet21k
vit_small_patch16_224_in21k_classification,crsa,0.13941071107983588,0.08118274062871933,0.19763868153095246,5,Fig4A ImageNet diet,ImageNet-21K,#009e73,18.0,13.62,25.38,0.14329284069438775,0.1264210346667096,0.16467918375351775,vit_small_patch16_224_in21k,vit_small_patch16_224_in21k_classification,ViT-S-P16-IN21K,classification,imagenet21k,vit_small_patch16_224,Transformer,Semantic,,,,,,,,imagenet21k
vit_small_patch32_224_in21k_classification,crsa,0.14975028708577157,0.08334153220057489,0.20252958238124846,5,Fig4A ImageNet diet,ImageNet-21K,#009e73,19.0,13.62,25.38,0.14329284069438775,0.1264210346667096,0.16467918375351775,vit_small_patch32_224_in21k,vit_small_patch32_224_in21k_classification,ViT-S-P32-IN21K,classification,imagenet21k,vit_small_patch32_224,Transformer,Semantic,,,,,,,,imagenet21k
vit_base_patch32_224_in21k_classification,crsa,0.23790819346904754,0.2119914710521698,0.27114708423614503,5,Fig4A ImageNet diet,ImageNet-21K,#009e73,20.0,13.62,25.38,0.14329284069438775,0.1264210346667096,0.16467918375351775,vit_base_patch32_224_in21k,vit_base_patch32_224_in21k_classification,ViT-B-P32-IN21K,classification,imagenet21k,vit_base_patch32_224,Transformer,Semantic,,,,,,,,imagenet21k
vit_base_patch16_224_in21k_classification,crsa,0.13110331445932388,0.09946964681148529,0.18416534960269929,5,Fig4A ImageNet diet,ImageNet-21K,#009e73,21.0,13.62,25.38,0.14329284069438775,0.1264210346667096,0.16467918375351775,vit_base_patch16_224_in21k,vit_base_patch16_224_in21k_classification,ViT-B-P16-IN21K,classification,imagenet21k,vit_base_patch16_224,Transformer,Semantic,,,,,,,,imagenet21k
mixer_l16_224_in21k_classification,crsa,0.18356298357248307,0.125902958214283,0.24775792062282562,5,Fig4A ImageNet diet,ImageNet-21K,#009e73,22.0,13.62,25.38,0.14329284069438775,0.1264210346667096,0.16467918375351775,mixer_l16_224_in21k,mixer_l16_224_in21k_classification,Mixer-L16-IN22K,classification,imagenet21k,mixer_l16_224,MLP-Mixer,Semantic,,,,,,,,imagenet21k
mixer_b16_224_in21k_classification,crsa,0.11377169340848922,0.06202527433633804,0.16650839895009995,5,Fig4A ImageNet diet,ImageNet-21K,#009e73,23.0,13.62,25.38,0.14329284069438775,0.1264210346667096,0.16467918375351775,mixer_b16_224_in21k,mixer_b16_224_in21k_classification,Mixer-B16-IN22K,classification,imagenet21k,mixer_b16_224,MLP-Mixer,Semantic,,,,,,,,imagenet21k
convnext_base_in22k_classification,crsa,0.11532580256462097,0.08972954750061035,0.14143711626529692,5,Fig4A ImageNet diet,ImageNet-21K,#009e73,24.0,13.62,25.38,0.14329284069438775,0.1264210346667096,0.16467918375351775,convnext_base_in22k,convnext_base_in22k_classification,ConvNext-Base-IN21K,classification,imagenet21k,convnext_base,Convolutional,Semantic,,,,,,,,imagenet21k
resmlp_big_24_224_in22ft1k_classification,crsa,0.1330581560730934,0.10215984582901001,0.1639564663171768,5,Fig4A ImageNet diet,ImageNet-21K,#009e73,25.0,13.62,25.38,0.14329284069438775,0.1264210346667096,0.16467918375351775,resmlp_big_24_224_in22ft1k,resmlp_big_24_224_in22ft1k_classification,ResMLP-Big-24-IN21K,classification,imagenet21k,resmlp_big_24_224,MLP-Mixer,Semantic,,,,,,,,imagenet21k
swin_large_patch4_window7_224_in22k_classification,wrsa,0.302793425321579,0.23261546492576599,0.36723566651344297,5,Fig4A ImageNet diet,ImageNet-21K,#009e73,14.0,13.62,25.38,0.35865702802936233,0.3423734176469346,0.3744180651692053,swin_large_patch4_window7_224_in22k,swin_large_patch4_window7_224_in22k_classification,Swin-L-P4-W7-IN21K,classification,imagenet21k,swin_large_patch4_window7_224,Transformer,Semantic,,,,,,,,imagenet21k
swin_base_patch4_window7_224_in22k_classification,wrsa,0.323542857170105,0.24436408281326294,0.39787064790725707,5,Fig4A ImageNet diet,ImageNet-21K,#009e73,15.0,13.62,25.38,0.35865702802936233,0.3423734176469346,0.3744180651692053,swin_base_patch4_window7_224_in22k,swin_base_patch4_window7_224_in22k_classification,Swin-B-P4-W7-IN21K,classification,imagenet21k,swin_base_patch4_window7_224,Transformer,Semantic,,,,,,,,imagenet21k
convnext_large_in22k_classification,wrsa,0.33577312529087067,0.2686888188123703,0.3983993589878082,5,Fig4A ImageNet diet,ImageNet-21K,#009e73,16.0,13.62,25.38,0.35865702802936233,0.3423734176469346,0.3744180651692053,convnext_large_in22k,convnext_large_in22k_classification,ConvNext-Large-IN21K,classification,imagenet21k,convnext_large,Convolutional,Semantic,,,,,,,,imagenet21k
vit_large_patch16_224_in21k_classification,wrsa,0.3441276729106903,0.27276264429092406,0.40264710783958435,5,Fig4A ImageNet diet,ImageNet-21K,#009e73,17.0,13.62,25.38,0.35865702802936233,0.3423734176469346,0.3744180651692053,vit_large_patch16_224_in21k,vit_large_patch16_224_in21k_classification,ViT-L-P16-IN21K,classification,imagenet21k,vit_large_patch16_224,Transformer,Semantic,,,,,,,,imagenet21k
vit_small_patch16_224_in21k_classification,wrsa,0.35467896461486814,0.3057715594768524,0.3979660987854004,5,Fig4A ImageNet diet,ImageNet-21K,#009e73,18.0,13.62,25.38,0.35865702802936233,0.3423734176469346,0.3744180651692053,vit_small_patch16_224_in21k,vit_small_patch16_224_in21k_classification,ViT-S-P16-IN21K,classification,imagenet21k,vit_small_patch16_224,Transformer,Semantic,,,,,,,,imagenet21k
vit_small_patch32_224_in21k_classification,wrsa,0.35496645569801333,0.3173347353935242,0.39771313667297364,5,Fig4A ImageNet diet,ImageNet-21K,#009e73,19.0,13.62,25.38,0.35865702802936233,0.3423734176469346,0.3744180651692053,vit_small_patch32_224_in21k,vit_small_patch32_224_in21k_classification,ViT-S-P32-IN21K,classification,imagenet21k,vit_small_patch32_224,Transformer,Semantic,,,,,,,,imagenet21k
vit_base_patch32_224_in21k_classification,wrsa,0.3561959743499756,0.30520294308662416,0.40600745677947997,5,Fig4A ImageNet diet,ImageNet-21K,#009e73,20.0,13.62,25.38,0.35865702802936233,0.3423734176469346,0.3744180651692053,vit_base_patch32_224_in21k,vit_base_patch32_224_in21k_classification,ViT-B-P32-IN21K,classification,imagenet21k,vit_base_patch32_224,Transformer,Semantic,,,,,,,,imagenet21k
vit_base_patch16_224_in21k_classification,wrsa,0.3679938673973083,0.3103602588176727,0.4210173666477203,5,Fig4A ImageNet diet,ImageNet-21K,#009e73,21.0,13.62,25.38,0.35865702802936233,0.3423734176469346,0.3744180651692053,vit_base_patch16_224_in21k,vit_base_patch16_224_in21k_classification,ViT-B-P16-IN21K,classification,imagenet21k,vit_base_patch16_224,Transformer,Semantic,,,,,,,,imagenet21k
mixer_l16_224_in21k_classification,wrsa,0.3792799413204193,0.3299627721309662,0.43072555065155027,5,Fig4A ImageNet diet,ImageNet-21K,#009e73,22.0,13.62,25.38,0.35865702802936233,0.3423734176469346,0.3744180651692053,mixer_l16_224_in21k,mixer_l16_224_in21k_classification,Mixer-L16-IN22K,classification,imagenet21k,mixer_l16_224,MLP-Mixer,Semantic,,,,,,,,imagenet21k
mixer_b16_224_in21k_classification,wrsa,0.38318770527839663,0.31878132820129396,0.438905930519104,5,Fig4A ImageNet diet,ImageNet-21K,#009e73,23.0,13.62,25.38,0.35865702802936233,0.3423734176469346,0.3744180651692053,mixer_b16_224_in21k,mixer_b16_224_in21k_classification,Mixer-B16-IN22K,classification,imagenet21k,mixer_b16_224,MLP-Mixer,Semantic,,,,,,,,imagenet21k
convnext_base_in22k_classification,wrsa,0.4005852937698364,0.35301258563995364,0.4471538722515106,5,Fig4A ImageNet diet,ImageNet-21K,#009e73,24.0,13.62,25.38,0.35865702802936233,0.3423734176469346,0.3744180651692053,convnext_base_in22k,convnext_base_in22k_classification,ConvNext-Base-IN21K,classification,imagenet21k,convnext_base,Convolutional,Semantic,,,,,,,,imagenet21k
resmlp_big_24_224_in22ft1k_classification,wrsa,0.40075905323028566,0.35139074325561526,0.45012736320495605,5,Fig4A ImageNet diet,ImageNet-21K,#009e73,25.0,13.62,25.38,0.35865702802936233,0.3423734176469346,0.3744180651692053,resmlp_big_24_224_in22ft1k,resmlp_big_24_224_in22ft1k_classification,ResMLP-Big-24-IN21K,classification,imagenet21k,resmlp_big_24_224,MLP-Mixer,Semantic,,,,,,,,imagenet21k
alexnet_gn_ipcl_imagenet,crsa,0.2852568745613098,0.24792136549949645,0.32278228998184205,5,Fig4B IPCL domains,ImageNet,#0072b2,0.0,,,,,,alexnet_gn_ipcl_imagenet,alexnet_gn_ipcl_imagenet_ipcl,AlexNet-GN-IPCLImageNet,ipcl,imagenet,alexnet_gn,Convolutional,,,,,,imagenet,,,
alexnet_gn_ipcl_imagenet,wrsa,0.36081607937812804,0.3127821207046509,0.40607670441269805,5,Fig4B IPCL domains,ImageNet,#0072b2,0.0,,,,,,alexnet_gn_ipcl_imagenet,alexnet_gn_ipcl_imagenet_ipcl,AlexNet-GN-IPCLImageNet,ipcl,imagenet,alexnet_gn,Convolutional,,,,,,imagenet,,,
alexnet_gn_ipcl_openimages,crsa,0.25782796144485476,0.2072748363018036,0.31029152274131777,5,Fig4B IPCL domains,OpenImages,#e69f00,3.0,,,,,,alexnet_gn_ipcl_openimages,alexnet_gn_ipcl_openimages_ipcl,AlexNet-GN-IPCLOpenImages,ipcl,openimages,alexnet_gn,Convolutional,,,,,,openimages,,,
alexnet_gn_ipcl_openimages,wrsa,0.3503690481185913,0.30168084502220155,0.39697996973991395,5,Fig4B IPCL domains,OpenImages,#e69f00,3.0,,,,,,alexnet_gn_ipcl_openimages,alexnet_gn_ipcl_openimages_ipcl,AlexNet-GN-IPCLOpenImages,ipcl,openimages,alexnet_gn,Convolutional,,,,,,openimages,,,
alexnet_gn_ipcl_places256,crsa,0.20567792057991027,0.16804698705673218,0.25180101692676543,5,Fig4B IPCL domains,Places256,#009e73,6.0,,,,,,alexnet_gn_ipcl_places256,alexnet_gn_ipcl_places256_ipcl,AlexNet-GN-IPCLPlaces256,ipcl,places256,alexnet_gn,Convolutional,,,,,,places256,,,
alexnet_gn_ipcl_places256,wrsa,0.32046144604682925,0.2622072398662567,0.3787156522274017,5,Fig4B IPCL domains,Places256,#009e73,6.0,,,,,,alexnet_gn_ipcl_places256,alexnet_gn_ipcl_places256_ipcl,AlexNet-GN-IPCLPlaces256,ipcl,places256,alexnet_gn,Convolutional,,,,,,places256,,,
alexnet_gn_ipcl_vggface2,crsa,0.2649633377790451,0.20168939530849456,0.32236688733100893,5,Fig4B IPCL domains,VGGFace2,#cc79a7,9.0,,,,,,alexnet_gn_ipcl_vggface2,alexnet_gn_ipcl_vggface2_ipcl,AlexNet-GN-IPCLVGGFace2,ipcl,vggface2,alexnet_gn,Convolutional,,,,,,vggface2,,,
alexnet_gn_ipcl_vggface2,wrsa,0.3106343001127243,0.25871355533599855,0.3630666881799698,5,Fig4B IPCL domains,VGGFace2,#cc79a7,9.0,,,,,,alexnet_gn_ipcl_vggface2,alexnet_gn_ipcl_vggface2_ipcl,AlexNet-GN-IPCLVGGFace2,ipcl,vggface2,alexnet_gn,Convolutional,,,,,,vggface2,,,
